file,class,type,cbo,cboModified,fanin,fanout,wmc,dit,noc,rfc,lcom,lcom*,tcc,lcc,totalMethodsQty,staticMethodsQty,publicMethodsQty,privateMethodsQty,protectedMethodsQty,defaultMethodsQty,visibleMethodsQty,abstractMethodsQty,finalMethodsQty,synchronizedMethodsQty,totalFieldsQty,staticFieldsQty,publicFieldsQty,privateFieldsQty,protectedFieldsQty,defaultFieldsQty,finalFieldsQty,synchronizedFieldsQty,nosi,loc,returnQty,loopQty,comparisonsQty,tryCatchQty,parenthesizedExpsQty,stringLiteralsQty,numbersQty,assignmentsQty,mathOperationsQty,variablesQty,maxNestedBlocksQty,anonymousClassesQty,innerClassesQty,lambdasQty,uniqueWordsQty,modifiers,logStatementsQty
C:\Users\jeffr\OneDrive\Desktop\termux-app-master\termux-shared\src\main\java\com\termux\shared\shell\StreamGobbler.java,com.termux.shared.shell.StreamGobbler$OnLineListener,interface,0,0,0,0,1,1,0,0,0,0.0,NaN,NaN,1,0,0,0,0,1,1,0,0,0,0,0,0,0,0,0,0,0,0,3,0,0,0,0,0,0,0,0,0,0,0,0,0,0,24,1,0
C:\Users\jeffr\OneDrive\Desktop\termux-app-master\termux-shared\src\main\java\com\termux\shared\termux\file\TermuxFileUtils.java,com.termux.shared.termux.file.TermuxFileUtils,class,14,22,8,14,39,1,0,33,76,0.84615386,0.012820513,0.012820513,13,13,13,0,0,0,13,0,0,0,1,1,0,1,0,0,1,0,23,110,23,2,10,0,0,68,4,24,19,14,2,0,0,0,303,1,0
C:\Users\jeffr\OneDrive\Desktop\termux-app-master\termux-shared\src\main\java\com\termux\shared\errors\Errno.java,com.termux.shared.errors.Errno,class,4,29,25,4,20,1,6,16,21,0.8454546,0.3090909,0.4,11,1,11,0,0,0,11,0,0,0,10,7,5,2,3,0,10,0,10,64,16,0,6,2,0,20,1,10,8,10,2,0,0,0,61,1,0
C:\Users\jeffr\OneDrive\Desktop\termux-app-master\termux-shared\src\main\java\com\termux\shared\termux\extrakeys\ExtraKeysConstants.java,com.termux.shared.termux.extrakeys.ExtraKeysConstants$EXTRA_KEY_DISPLAY_MAPS$Anonymous2,anonymous,0,0,0,0,1,1,0,1,0,0.0,NaN,NaN,0,0,0,0,0,0,1,0,0,0,0,0,0,0,0,0,0,0,0,8,0,0,0,0,0,8,0,0,0,0,0,0,0,0,1,-1,0
C:\Users\jeffr\OneDrive\Desktop\termux-app-master\terminal-emulator\src\main\java\com\termux\terminal\TerminalSession.java,com.termux.terminal.TerminalSession$Anonymous2,anonymous,2,2,0,2,4,1,0,2,0,0.0,NaN,NaN,1,0,1,0,0,0,1,0,0,0,0,0,0,0,0,0,0,0,0,14,1,1,1,1,0,0,3,3,0,3,3,0,0,0,18,-1,0
C:\Users\jeffr\OneDrive\Desktop\termux-app-master\terminal-emulator\src\main\java\com\termux\terminal\TerminalSession.java,com.termux.terminal.TerminalSession$Anonymous1,anonymous,2,2,0,2,5,1,0,3,0,0.0,NaN,NaN,1,0,1,0,0,0,1,0,0,0,0,0,0,0,0,0,0,0,0,15,2,1,1,1,0,0,3,3,0,3,3,0,0,0,25,-1,0
C:\Users\jeffr\OneDrive\Desktop\termux-app-master\termux-shared\src\main\java\com\termux\shared\notification\NotificationUtils.java,com.termux.shared.notification.NotificationUtils,class,9,15,6,9,18,1,0,15,4,0.725,0.16666667,0.16666667,4,4,4,0,0,0,4,0,0,0,10,10,9,1,0,0,10,0,4,69,7,0,3,0,0,4,9,14,1,13,1,0,0,0,110,1,0
C:\Users\jeffr\OneDrive\Desktop\termux-app-master\termux-shared\src\main\java\com\termux\shared\termux\extrakeys\ExtraKeysView.java,com.termux.shared.termux.extrakeys.ExtraKeysView$Anonymous1,anonymous,1,1,0,1,1,1,0,1,0,0.0,NaN,NaN,0,0,0,0,0,0,1,0,0,0,0,0,0,0,0,0,0,0,0,8,0,0,0,0,0,0,0,0,0,0,0,0,0,0,7,-1,0
C:\Users\jeffr\OneDrive\Desktop\termux-app-master\app\src\main\java\com\termux\app\fragments\settings\termux\TerminalViewPreferencesFragment.java,com.termux.app.fragments.settings.termux.TerminalViewPreferencesDataStore,class,4,6,2,4,10,2,0,3,0,0.5833333,0.33333334,0.33333334,4,1,3,1,0,0,3,0,0,1,3,1,0,3,0,0,2,0,1,35,6,0,4,0,0,2,0,3,0,3,1,0,0,0,22,0,0
C:\Users\jeffr\OneDrive\Desktop\termux-app-master\termux-shared\src\main\java\com\termux\shared\file\FileUtils.java,com.termux.shared.file.FileUtils,class,13,36,23,13,343,1,0,109,1648,0.92349726,0.05141243,0.05141243,61,61,60,1,0,0,60,0,0,0,3,3,2,1,0,0,3,0,140,803,172,5,134,17,27,268,14,136,130,78,5,0,1,0,402,1,0
C:\Users\jeffr\OneDrive\Desktop\termux-app-master\termux-shared\src\main\java\com\termux\shared\shell\StreamGobbler.java,com.termux.shared.shell.StreamGobbler$OnStreamClosedListener,interface,0,0,0,0,1,1,0,0,0,0.0,NaN,NaN,1,0,0,0,0,1,1,0,0,0,0,0,0,0,0,0,0,0,0,3,0,0,0,0,0,0,0,0,0,0,0,0,0,0,8,1,0
C:\Users\jeffr\OneDrive\Desktop\termux-app-master\termux-shared\src\main\java\com\termux\shared\file\filesystem\NativeDispatcher.java,com.termux.shared.file.filesystem.NativeDispatcher,class,2,4,2,2,12,1,0,10,10,0.0,0.0,0.0,5,5,5,0,0,0,5,0,0,0,0,0,0,0,0,0,0,0,3,37,0,0,2,3,0,10,0,1,4,1,1,0,0,0,27,1,0
C:\Users\jeffr\OneDrive\Desktop\termux-app-master\termux-shared\src\main\java\com\termux\shared\termux\extrakeys\SpecialButton.java,com.termux.shared.termux.extrakeys.SpecialButton,class,2,6,4,2,4,1,0,2,0,0.75,1.0,1.0,4,1,4,0,0,0,4,0,0,0,6,5,4,2,0,0,6,0,0,21,3,0,0,0,0,4,0,6,0,6,0,0,0,0,45,1,0
C:\Users\jeffr\OneDrive\Desktop\termux-app-master\termux-shared\src\main\java\com\termux\shared\termux\TermuxConstants.java,com.termux.shared.termux.TermuxConstants,class,1,1,0,1,0,1,0,1,0,NaN,-1.0,-1.0,0,0,0,0,0,0,0,0,0,0,168,168,168,0,0,0,168,0,5,282,0,0,0,0,0,133,3,168,86,168,0,0,6,0,288,17,0
C:\Users\jeffr\OneDrive\Desktop\termux-app-master\termux-shared\src\main\java\com\termux\shared\markdown\MarkdownUtils.java,com.termux.shared.markdown.MarkdownUtils$Anonymous2,anonymous,16,16,0,16,1,1,0,2,0,0.0,NaN,NaN,1,0,1,0,0,0,1,0,0,0,0,0,0,0,0,0,0,0,0,5,0,0,0,0,0,1,1,0,0,12,0,0,0,6,14,-1,0
C:\Users\jeffr\OneDrive\Desktop\termux-app-master\termux-shared\src\main\java\com\termux\shared\android\UserUtils.java,com.termux.shared.android.UserUtils,class,6,8,2,6,17,1,0,17,1,0.33333334,0.33333334,0.33333334,3,3,3,0,0,0,3,0,0,0,1,1,1,0,0,0,1,0,17,71,14,0,6,5,0,22,2,12,8,8,3,0,0,0,111,1,0
C:\Users\jeffr\OneDrive\Desktop\termux-app-master\termux-shared\src\main\java\com\termux\shared\markdown\MarkdownUtils.java,com.termux.shared.markdown.MarkdownUtils$Anonymous1,anonymous,9,9,0,9,3,1,0,12,1,0.0,0.0,0.0,2,0,2,0,0,0,2,0,0,0,0,0,0,0,0,0,0,0,1,14,0,0,0,0,0,0,0,1,0,5,1,0,0,2,12,-1,0
C:\Users\jeffr\OneDrive\Desktop\termux-app-master\termux-shared\src\main\java\com\termux\shared\net\socket\local\PeerCred.java,com.termux.shared.net.socket.local.PeerCred,class,8,13,5,8,23,1,0,17,48,0.8229167,0.13636364,0.24242425,12,2,11,0,0,1,12,0,0,0,8,1,8,0,0,0,1,0,14,65,10,0,9,0,0,39,4,10,4,10,1,0,0,0,61,1,0
C:\Users\jeffr\OneDrive\Desktop\termux-app-master\terminal-emulator\src\test\java\com\termux\terminal\CursorAndScreenTest.java,com.termux.terminal.CursorAndScreenTest,class,2,2,0,2,31,3,0,11,91,0.0,0.0,0.0,14,0,14,0,0,0,14,0,0,0,0,0,0,0,0,0,0,0,20,175,0,11,5,0,10,262,194,23,14,20,2,0,0,0,106,1,0
C:\Users\jeffr\OneDrive\Desktop\termux-app-master\termux-shared\src\main\java\com\termux\shared\termux\TermuxConstants.java,com.termux.shared.termux.TermuxConstants$TERMUX_APP,innerclass,0,0,0,0,0,1,0,0,0,NaN,-1.0,-1.0,0,0,0,0,0,0,0,0,0,0,9,9,9,0,0,0,9,0,0,86,0,0,0,0,0,9,0,9,9,9,0,0,3,0,47,25,0
C:\Users\jeffr\OneDrive\Desktop\termux-app-master\app\src\main\java\com\termux\app\fragments\settings\termux_widget\DebuggingPreferencesFragment.java,com.termux.app.fragments.settings.termux_widget.DebuggingPreferencesFragment,class,12,13,1,12,6,2,0,11,1,0.0,NaN,NaN,2,0,1,1,0,0,1,0,0,0,0,0,0,0,0,0,0,0,3,21,3,0,4,0,0,2,0,5,0,5,2,0,0,0,33,1,0
C:\Users\jeffr\OneDrive\Desktop\termux-app-master\terminal-emulator\src\main\java\com\termux\terminal\TerminalSession.java,com.termux.terminal.TerminalSession$Anonymous3,anonymous,1,1,0,1,1,1,0,3,0,0.0,NaN,NaN,1,0,1,0,0,0,1,0,0,0,0,0,0,0,0,0,0,0,1,6,0,0,0,0,0,0,0,1,0,1,0,0,0,0,7,-1,0
C:\Users\jeffr\OneDrive\Desktop\termux-app-master\termux-shared\src\main\java\com\termux\shared\termux\settings\properties\TermuxSharedProperties.java,com.termux.shared.termux.settings.properties.TermuxSharedProperties$SharedPropertiesParserClient,innerclass,4,4,0,4,2,1,0,2,1,0.0,0.0,0.0,2,0,2,0,0,0,2,0,0,0,0,0,0,0,0,0,0,0,2,8,2,0,0,0,0,0,0,0,0,0,0,0,0,0,28,9,0
C:\Users\jeffr\OneDrive\Desktop\termux-app-master\termux-shared\src\main\java\com\termux\shared\termux\TermuxConstants.java,com.termux.shared.termux.TermuxConstants$TERMUX_API,innerclass,0,0,0,0,0,1,0,0,0,NaN,-1.0,-1.0,0,0,0,0,0,0,0,0,0,0,1,1,1,0,0,0,1,0,0,3,0,0,0,0,0,1,0,1,1,1,0,0,0,0,19,25,0
C:\Users\jeffr\OneDrive\Desktop\termux-app-master\terminal-emulator\src\test\java\com\termux\terminal\OperatingSystemControlTest.java,com.termux.terminal.OperatingSystemControlTest,class,5,6,1,5,13,3,0,15,36,0.0,0.0,0.0,9,0,8,0,0,1,9,0,0,0,0,0,0,0,0,0,0,0,7,133,0,3,1,0,4,86,68,17,10,13,2,0,0,0,58,1,0
C:\Users\jeffr\OneDrive\Desktop\termux-app-master\termux-shared\src\main\java\com\termux\shared\file\filesystem\FilePermission.java,com.termux.shared.file.filesystem.FilePermission,enum,0,2,2,0,0,1,0,0,0,0.0,-1.0,-1.0,0,0,0,0,0,0,0,0,0,0,0,0,0,0,0,0,0,0,0,10,0,0,0,0,0,0,0,0,0,0,0,0,0,0,39,1,0
C:\Users\jeffr\OneDrive\Desktop\termux-app-master\app\src\main\java\com\termux\app\TermuxActivity.java,com.termux.app.TermuxActivity$Anonymous1,anonymous,3,3,0,3,5,1,0,4,0,0.0,NaN,NaN,1,0,1,0,0,0,1,0,0,0,0,0,0,0,0,0,0,0,4,12,0,0,0,0,0,0,1,1,0,1,2,0,0,0,6,-1,0
C:\Users\jeffr\OneDrive\Desktop\termux-app-master\termux-shared\src\main\java\com\termux\shared\errors\Error.java,com.termux.shared.errors.Error,class,6,43,37,6,66,1,0,35,337,0.76984125,0.28658536,0.4292683,42,5,41,1,0,0,41,0,0,7,6,1,0,6,0,0,1,0,18,171,33,0,13,0,1,29,2,20,5,10,1,0,0,0,77,1,0
C:\Users\jeffr\OneDrive\Desktop\termux-app-master\termux-shared\src\main\java\com\termux\shared\file\filesystem\UnixConstants.java,com.termux.shared.file.filesystem.UnixConstants,class,1,2,1,1,2,1,0,1,0,0.40816328,-1.0,-1.0,2,1,0,2,0,0,0,0,0,0,49,49,0,0,0,49,49,0,1,56,1,0,0,0,1,0,2,49,0,49,0,0,0,0,39,1,0
C:\Users\jeffr\OneDrive\Desktop\termux-app-master\termux-shared\src\main\java\com\termux\shared\termux\theme\TermuxThemeUtils.java,com.termux.shared.termux.theme.TermuxThemeUtils,class,5,7,2,5,2,1,0,2,1,0.0,0.0,0.0,2,2,2,0,0,0,2,0,0,0,0,0,0,0,0,0,0,0,3,8,0,0,0,0,0,0,0,0,0,0,0,0,0,0,26,1,0
C:\Users\jeffr\OneDrive\Desktop\termux-app-master\termux-shared\src\main\java\com\termux\shared\termux\terminal\TermuxTerminalSessionClientBase.java,com.termux.shared.termux.terminal.TermuxTerminalSessionClientBase,class,5,8,3,5,18,1,2,7,153,0.0,0.0,0.0,18,0,18,0,0,0,18,0,0,0,0,0,0,0,0,0,0,0,7,46,1,0,0,0,0,0,0,0,0,0,0,0,0,0,47,1,0
C:\Users\jeffr\OneDrive\Desktop\termux-app-master\app\src\main\java\com\termux\app\models\UserAction.java,com.termux.app.models.UserAction,enum,0,1,1,0,2,1,0,0,0,0.0,1.0,1.0,2,0,1,0,0,1,2,0,0,0,1,0,0,1,0,0,1,0,0,8,1,0,0,0,0,2,0,1,0,1,0,0,0,0,23,1,0
C:\Users\jeffr\OneDrive\Desktop\termux-app-master\termux-shared\src\androidTest\java\com\termux\shared\ExampleInstrumentedTest.java,com.termux.shared.ExampleInstrumentedTest,class,4,4,0,4,1,1,0,4,0,0.0,NaN,NaN,1,0,1,0,0,0,1,0,0,0,0,0,0,0,0,0,0,0,0,6,0,0,0,0,0,1,0,1,0,1,0,0,0,0,19,1,0
C:\Users\jeffr\OneDrive\Desktop\termux-app-master\termux-shared\src\main\java\com\termux\shared\net\socket\local\LocalServerSocket.java,com.termux.shared.net.socket.local.LocalServerSocket,class,13,16,3,13,38,1,0,45,0,0.54761904,1.0,1.0,7,0,5,1,1,0,6,0,0,4,6,2,2,0,4,0,6,0,21,179,17,1,14,3,0,17,13,25,7,22,2,0,1,0,110,1,0
C:\Users\jeffr\OneDrive\Desktop\termux-app-master\termux-shared\src\main\java\com\termux\shared\termux\interact\TextInputDialogUtils.java,com.termux.shared.termux.interact.TextInputDialogUtils$TextSetListener,interface,0,0,0,0,1,1,0,0,0,0.0,NaN,NaN,1,0,0,0,0,1,1,0,0,0,0,0,0,0,0,0,0,0,0,3,0,0,0,0,0,0,0,0,0,0,0,0,0,0,5,1,0
C:\Users\jeffr\OneDrive\Desktop\termux-app-master\termux-shared\src\main\java\com\termux\shared\shell\command\ExecutionCommand.java,com.termux.shared.shell.command.ExecutionCommand$ShellCreateMode,enum,2,2,0,2,7,1,0,2,0,0.0,1.0,1.0,4,1,3,0,0,1,4,0,0,0,1,0,0,1,0,0,1,0,1,21,4,1,1,0,0,2,0,1,0,1,2,0,0,0,34,1,0
C:\Users\jeffr\OneDrive\Desktop\termux-app-master\termux-shared\src\main\java\com\termux\shared\termux\data\TermuxUrlUtils.java,com.termux.shared.termux.data.TermuxUrlUtils,class,1,4,3,1,4,1,0,10,1,0.5,0.0,0.0,2,2,2,0,0,0,2,0,0,0,1,1,1,0,0,0,0,0,2,63,3,1,1,0,0,43,1,7,0,7,1,0,0,0,37,1,0
C:\Users\jeffr\OneDrive\Desktop\termux-app-master\termux-shared\src\main\java\com\termux\shared\shell\command\environment\ShellEnvironmentUtils.java,com.termux.shared.shell.command.environment.ShellEnvironmentUtils,class,7,16,9,7,30,1,0,24,53,0.8181818,0.018181818,0.018181818,11,11,11,0,0,0,11,0,0,0,1,1,0,1,0,0,1,0,13,74,9,3,8,0,0,18,0,8,4,8,2,0,0,0,131,1,0
C:\Users\jeffr\OneDrive\Desktop\termux-app-master\termux-shared\src\main\java\com\termux\shared\termux\interact\TextInputDialogUtils.java,com.termux.shared.termux.interact.TextInputDialogUtils,class,6,8,2,6,5,1,0,28,0,0.0,NaN,NaN,1,1,1,0,0,0,1,0,0,0,0,0,0,0,0,0,0,0,2,43,1,0,4,0,0,0,8,8,2,16,1,0,1,4,36,17,0
C:\Users\jeffr\OneDrive\Desktop\termux-app-master\termux-shared\src\main\java\com\termux\shared\shell\command\environment\AndroidShellEnvironment.java,com.termux.shared.shell.command.environment.AndroidShellEnvironment,class,7,10,3,7,9,2,1,10,8,0.6,0.1,0.1,5,0,5,0,0,0,5,0,0,0,1,0,0,0,1,0,0,0,16,44,4,0,2,0,0,21,0,4,0,4,1,0,0,0,52,1,0
C:\Users\jeffr\OneDrive\Desktop\termux-app-master\app\src\main\java\com\termux\app\event\SystemEventReceiver.java,com.termux.app.event.SystemEventReceiver,class,14,16,2,14,16,2,0,18,13,0.75,0.06666667,0.06666667,6,3,6,0,0,0,6,0,0,5,2,2,0,2,0,0,1,0,10,49,3,0,5,0,0,11,0,5,3,5,1,0,0,0,54,1,0
C:\Users\jeffr\OneDrive\Desktop\termux-app-master\termux-shared\src\main\java\com\termux\shared\termux\terminal\io\BellHandler.java,com.termux.shared.termux.terminal.io.BellHandler,class,4,6,2,4,8,1,0,7,0,0.625,0.0,0.0,4,1,2,2,0,0,2,0,0,1,8,5,0,8,0,0,6,0,0,57,2,0,2,0,0,1,4,13,4,10,3,1,0,0,36,1,0
C:\Users\jeffr\OneDrive\Desktop\termux-app-master\termux-shared\src\main\java\com\termux\shared\termux\settings\preferences\TermuxPreferenceConstants.java,com.termux.shared.termux.settings.preferences.TermuxPreferenceConstants,class,0,0,0,0,0,1,0,0,0,0.0,-1.0,-1.0,0,0,0,0,0,0,0,0,0,0,0,0,0,0,0,0,0,0,0,57,0,0,0,0,0,0,0,0,0,0,0,0,7,0,55,17,0
C:\Users\jeffr\OneDrive\Desktop\termux-app-master\terminal-emulator\src\main\java\com\termux\terminal\WcWidth.java,com.termux.terminal.WcWidth,class,3,12,9,3,23,1,0,4,3,0.6666667,0.0,0.0,3,3,2,1,0,0,2,0,0,0,2,2,0,2,0,0,2,0,6,34,8,1,4,0,5,0,908,8,6,6,2,0,0,0,69,17,0
C:\Users\jeffr\OneDrive\Desktop\termux-app-master\terminal-emulator\src\test\java\com\termux\terminal\RectangularAreasTest.java,com.termux.terminal.RectangularAreasTest,class,1,1,0,1,8,3,0,5,28,0.0,0.0,0.0,8,0,8,0,0,0,8,0,0,0,0,0,0,0,0,0,0,0,0,73,0,0,0,0,0,181,115,4,0,4,0,0,0,0,46,1,0
C:\Users\jeffr\OneDrive\Desktop\termux-app-master\termux-shared\src\main\java\com\termux\shared\activities\TextIOActivity.java,com.termux.shared.activities.TextIOActivity$Anonymous1,anonymous,2,2,0,2,4,1,0,2,3,0.0,0.0,0.0,3,0,3,0,0,0,3,0,0,0,0,0,0,0,0,0,0,0,0,9,0,0,1,0,0,0,0,0,0,0,1,0,0,0,16,-1,0
C:\Users\jeffr\OneDrive\Desktop\termux-app-master\termux-shared\src\main\java\com\termux\shared\errors\FunctionErrno.java,com.termux.shared.errors.FunctionErrno,class,1,1,0,1,1,2,0,0,0,1.0,NaN,NaN,1,0,0,0,0,1,1,0,0,0,7,7,7,0,0,0,7,0,0,12,0,0,0,0,0,7,6,7,0,7,0,0,0,0,43,1,0
C:\Users\jeffr\OneDrive\Desktop\termux-app-master\termux-shared\src\main\java\com\termux\shared\activities\ReportActivity.java,com.termux.shared.activities.ReportActivity$ReportActivityBroadcastReceiver,innerclass,6,6,0,6,5,2,0,7,0,0.0,NaN,NaN,1,0,1,0,0,0,1,0,0,0,1,1,0,1,0,0,1,0,2,15,2,0,2,0,0,3,0,3,1,3,2,0,0,0,45,9,0
C:\Users\jeffr\OneDrive\Desktop\termux-app-master\app\src\main\java\com\termux\app\TermuxActivity.java,com.termux.app.TermuxActivity,class,61,73,12,61,151,3,0,188,1658,0.9432691,0.08686869,0.35555556,65,3,43,20,2,0,45,0,0,0,32,13,0,22,0,10,14,0,35,572,51,0,42,4,3,23,18,73,3,76,5,1,1,11,324,17,0
C:\Users\jeffr\OneDrive\Desktop\termux-app-master\terminal-view\src\main\java\com\termux\view\TerminalRenderer.java,com.termux.view.TerminalRenderer,class,12,15,3,12,57,1,0,38,0,0.52500004,0.8333333,1.0,5,0,4,1,0,0,4,0,1,0,8,0,0,3,0,5,8,0,12,175,2,4,25,0,25,2,63,103,37,71,5,0,0,0,151,17,0
C:\Users\jeffr\OneDrive\Desktop\termux-app-master\app\src\main\java\com\termux\app\fragments\settings\termux\DebuggingPreferencesFragment.java,com.termux.app.fragments.settings.termux.DebuggingPreferencesDataStore,class,5,7,2,5,23,2,0,11,0,0.5555556,0.6,0.6,6,1,5,1,0,0,5,0,0,1,3,1,0,3,0,0,2,0,3,68,14,0,9,0,0,8,0,3,0,3,1,0,0,0,22,0,0
C:\Users\jeffr\OneDrive\Desktop\termux-app-master\termux-shared\src\main\java\com\termux\shared\shell\am\AmSocketServer.java,com.termux.shared.shell.am.AmSocketServer,class,16,19,3,16,20,2,0,33,13,0.6666667,0.06666667,0.06666667,6,6,6,0,0,0,6,0,0,1,1,1,1,0,0,0,1,0,13,88,10,0,8,2,0,14,9,19,4,16,1,0,1,0,204,1,0
C:\Users\jeffr\OneDrive\Desktop\termux-app-master\termux-shared\src\main\java\com\termux\shared\termux\notification\TermuxNotificationUtils.java,com.termux.shared.termux.notification.TermuxNotificationUtils,class,8,10,2,8,11,1,0,11,1,0.0,0.0,0.0,2,2,2,0,0,0,2,0,0,1,0,0,0,0,0,0,0,0,3,30,5,1,7,0,0,1,3,6,1,5,2,0,0,0,89,1,0
C:\Users\jeffr\OneDrive\Desktop\termux-app-master\termux-shared\src\main\java\com\termux\shared\termux\settings\preferences\TermuxPreferenceConstants.java,com.termux.shared.termux.settings.preferences.TermuxPreferenceConstants$TERMUX_API_APP,innerclass,0,0,0,0,0,1,0,0,0,NaN,-1.0,-1.0,0,0,0,0,0,0,0,0,0,0,1,1,1,0,0,0,1,0,0,3,0,0,0,0,0,1,0,1,0,1,0,0,0,0,22,25,0
C:\Users\jeffr\OneDrive\Desktop\termux-app-master\app\src\main\java\com\termux\app\api\file\FileReceiverActivity.java,com.termux.app.api.file.FileReceiverActivity$Anonymous1,anonymous,4,4,0,4,3,1,0,6,0,0.0,NaN,NaN,1,0,1,0,0,0,1,0,0,0,0,0,0,0,0,0,0,0,7,15,0,0,2,0,0,4,0,5,2,3,1,0,0,0,11,-1,0
C:\Users\jeffr\OneDrive\Desktop\termux-app-master\termux-shared\src\main\java\com\termux\shared\termux\terminal\io\BellHandler.java,com.termux.shared.termux.terminal.io.BellHandler$Anonymous1,anonymous,1,1,0,1,4,1,0,3,0,0.0,NaN,NaN,1,0,1,0,0,0,1,0,0,0,0,0,0,0,0,0,0,0,1,17,0,0,1,1,0,1,0,0,0,0,3,0,0,0,14,-1,0
C:\Users\jeffr\OneDrive\Desktop\termux-app-master\termux-shared\src\main\java\com\termux\shared\interact\ShareUtils.java,com.termux.shared.interact.ShareUtils,class,14,18,4,14,34,1,0,28,9,0.5,0.2,0.2,6,6,6,0,0,0,6,0,0,0,1,1,0,1,0,0,1,0,22,68,6,0,13,2,3,6,1,7,2,7,4,0,0,0,105,1,0
C:\Users\jeffr\OneDrive\Desktop\termux-app-master\app\src\main\java\com\termux\app\TermuxService.java,com.termux.app.TermuxService$LocalBinder,innerclass,2,2,0,2,0,2,0,0,0,NaN,-1.0,-1.0,0,0,0,0,0,0,0,0,0,0,1,0,1,0,0,0,1,0,0,3,0,0,0,0,0,0,0,1,0,1,0,0,0,0,17,0,0
C:\Users\jeffr\OneDrive\Desktop\termux-app-master\app\src\main\java\com\termux\app\activities\SettingsActivity.java,com.termux.app.activities.SettingsActivity,class,6,7,1,6,3,3,0,12,1,0.0,0.0,0.0,2,0,1,0,1,0,2,0,0,0,0,0,0,0,0,0,0,0,4,107,1,0,1,0,0,0,0,0,0,0,1,0,1,0,25,1,0
C:\Users\jeffr\OneDrive\Desktop\termux-app-master\termux-shared\src\main\java\com\termux\shared\shell\command\ShellCommandConstants.java,com.termux.shared.shell.command.ShellCommandConstants$RESULT_SENDER,innerclass,0,0,0,0,0,1,0,0,0,NaN,-1.0,-1.0,0,0,0,0,0,0,0,0,0,0,9,9,9,0,0,0,9,0,0,11,0,0,0,0,0,9,0,9,0,9,0,0,0,0,97,25,0
C:\Users\jeffr\OneDrive\Desktop\termux-app-master\app\src\main\java\com\termux\app\TermuxOpenReceiver.java,com.termux.app.TermuxOpenReceiver,class,10,10,0,10,18,3,0,33,0,0.0,NaN,NaN,1,0,1,0,0,0,1,0,0,0,1,1,0,1,0,0,1,0,12,153,4,0,6,2,1,17,1,19,7,16,2,0,1,0,99,1,0
C:\Users\jeffr\OneDrive\Desktop\termux-app-master\termux-shared\src\main\java\com\termux\shared\termux\settings\preferences\TermuxTaskerAppSharedPreferences.java,com.termux.shared.termux.settings.preferences.TermuxTaskerAppSharedPreferences,class,9,14,5,9,14,1,0,9,16,0.7777778,0.4,0.4,9,4,6,3,0,0,6,0,0,0,4,1,0,4,0,0,4,0,12,43,11,0,4,0,0,1,0,7,0,6,1,0,0,0,65,1,0
C:\Users\jeffr\OneDrive\Desktop\termux-app-master\app\src\main\java\com\termux\app\activities\HelpActivity.java,com.termux.app.activities.HelpActivity,class,7,8,1,7,3,2,0,15,0,0.0,1.0,1.0,2,0,1,0,1,0,2,0,0,0,1,0,0,0,0,1,0,0,0,48,0,0,0,0,0,0,0,5,0,5,1,1,0,0,34,17,0
C:\Users\jeffr\OneDrive\Desktop\termux-app-master\app\src\main\java\com\termux\app\fragments\settings\TermuxWidgetPreferencesFragment.java,com.termux.app.fragments.settings.TermuxWidgetPreferencesDataStore,class,4,6,2,4,3,2,0,1,1,0.5,NaN,NaN,2,1,1,1,0,0,1,0,0,1,3,1,0,3,0,0,2,0,1,15,1,0,1,0,0,0,0,3,0,3,1,0,0,0,14,0,0
C:\Users\jeffr\OneDrive\Desktop\termux-app-master\terminal-emulator\src\test\java\com\termux\terminal\DecSetTest.java,com.termux.terminal.DecSetTest,class,3,3,0,3,3,3,0,10,3,0.0,0.0,0.0,3,0,3,0,0,0,3,0,0,0,0,0,0,0,0,0,0,0,0,45,0,0,0,0,0,47,8,0,0,0,0,0,0,0,63,1,0
C:\Users\jeffr\OneDrive\Desktop\termux-app-master\termux-shared\src\main\java\com\termux\shared\termux\crash\TermuxCrashUtils.java,com.termux.shared.termux.crash.TermuxCrashUtils$TYPE,enum,0,0,0,0,0,1,0,0,0,0.0,-1.0,-1.0,0,0,0,0,0,0,0,0,0,0,0,0,0,0,0,0,0,0,0,1,0,0,0,0,0,0,0,0,0,0,0,0,0,0,15,1,0
C:\Users\jeffr\OneDrive\Desktop\termux-app-master\termux-shared\src\main\java\com\termux\shared\net\socket\local\LocalClientSocket.java,com.termux.shared.net.socket.local.LocalClientSocket,class,15,27,12,15,57,3,0,46,39,0.7613637,0.40952381,0.8142857,22,1,20,1,0,1,21,0,0,1,8,1,1,0,7,0,7,0,22,251,32,1,12,5,2,26,25,26,10,21,3,0,3,0,192,1,0
C:\Users\jeffr\OneDrive\Desktop\termux-app-master\termux-shared\src\main\java\com\termux\shared\file\filesystem\FilePermissions.java,com.termux.shared.file.filesystem.FilePermissions,class,2,4,2,2,23,1,0,12,28,0.0,0.0,0.0,8,7,2,6,0,0,2,0,0,0,0,0,0,0,0,0,0,0,16,59,7,0,3,0,0,2,11,2,0,2,1,0,0,0,126,17,0
C:\Users\jeffr\OneDrive\Desktop\termux-app-master\app\src\main\java\com\termux\app\fragments\settings\termux_float\DebuggingPreferencesFragment.java,com.termux.app.fragments.settings.termux_float.DebuggingPreferencesFragment,class,12,13,1,12,6,2,0,11,1,0.0,NaN,NaN,2,0,1,1,0,0,1,0,0,0,0,0,0,0,0,0,0,0,3,21,3,0,4,0,0,2,0,5,0,5,2,0,0,0,33,1,0
C:\Users\jeffr\OneDrive\Desktop\termux-app-master\app\src\main\java\com\termux\app\terminal\TermuxTerminalSessionActivityClient.java,com.termux.app.terminal.TermuxTerminalSessionActivityClient,class,26,32,6,26,117,2,0,95,0,0.7714286,0.7548387,0.7548387,35,0,29,4,0,2,31,0,0,2,5,2,0,5,0,0,3,0,6,311,33,0,44,3,2,14,25,63,6,55,3,0,0,2,167,1,0
C:\Users\jeffr\OneDrive\Desktop\termux-app-master\terminal-view\src\main\java\com\termux\view\TerminalView.java,com.termux.view.TerminalView,class,36,50,14,36,220,2,0,129,829,0.92861944,0.21831638,0.6160962,55,0,36,8,7,4,47,0,0,2,26,6,8,11,0,7,9,0,8,758,57,1,75,0,19,29,77,111,32,66,4,3,1,0,616,17,0
C:\Users\jeffr\OneDrive\Desktop\termux-app-master\termux-shared\src\main\java\com\termux\shared\termux\extrakeys\ExtraKeysConstants.java,com.termux.shared.termux.extrakeys.ExtraKeysConstants$EXTRA_KEY_DISPLAY_MAPS$Anonymous7,anonymous,0,0,0,0,1,1,0,1,0,0.0,NaN,NaN,0,0,0,0,0,0,1,0,0,0,0,0,0,0,0,0,0,0,0,5,0,0,0,0,0,2,0,0,0,0,0,0,0,0,1,-1,0
C:\Users\jeffr\OneDrive\Desktop\termux-app-master\termux-shared\src\main\java\com\termux\shared\termux\extrakeys\ExtraKeysConstants.java,com.termux.shared.termux.extrakeys.ExtraKeysConstants$EXTRA_KEY_DISPLAY_MAPS$Anonymous8,anonymous,0,0,0,0,1,1,0,1,0,0.0,NaN,NaN,0,0,0,0,0,0,1,0,0,0,0,0,0,0,0,0,0,0,0,9,0,0,0,0,0,0,0,0,0,0,0,0,0,0,20,-1,0
C:\Users\jeffr\OneDrive\Desktop\termux-app-master\app\src\main\java\com\termux\filepicker\TermuxDocumentsProvider.java,com.termux.filepicker.TermuxDocumentsProvider,class,8,9,1,8,41,2,0,38,99,0.90000004,0.054545455,0.054545455,15,3,11,4,0,0,11,0,0,0,4,4,0,4,0,0,4,0,13,160,15,3,6,2,0,9,6,43,6,34,4,0,0,0,170,1,0
C:\Users\jeffr\OneDrive\Desktop\termux-app-master\termux-shared\src\main\java\com\termux\shared\termux\extrakeys\ExtraKeysConstants.java,com.termux.shared.termux.extrakeys.ExtraKeysConstants$EXTRA_KEY_DISPLAY_MAPS$Anonymous9,anonymous,0,0,0,0,1,1,0,1,0,0.0,NaN,NaN,0,0,0,0,0,0,1,0,0,0,0,0,0,0,0,0,0,0,0,6,0,0,0,0,0,0,0,0,0,0,0,0,0,0,18,-1,0
C:\Users\jeffr\OneDrive\Desktop\termux-app-master\termux-shared\src\main\java\com\termux\shared\net\socket\local\LocalClientSocket.java,com.termux.shared.net.socket.local.LocalClientSocket$SocketOutputStream,innerclass,3,3,0,3,4,2,0,2,1,0.5,0.0,0.0,2,0,2,0,0,0,2,0,0,0,1,0,0,1,0,0,1,0,0,16,0,0,2,0,0,0,2,4,0,3,1,0,0,0,19,4,0
C:\Users\jeffr\OneDrive\Desktop\termux-app-master\termux-shared\src\main\java\com\termux\shared\termux\extrakeys\ExtraKeysConstants.java,com.termux.shared.termux.extrakeys.ExtraKeysConstants$EXTRA_KEY_DISPLAY_MAPS$Anonymous3,anonymous,0,0,0,0,1,1,0,1,0,0.0,NaN,NaN,0,0,0,0,0,0,1,0,0,0,0,0,0,0,0,0,0,0,0,12,0,0,0,0,0,16,0,0,0,0,0,0,0,0,1,-1,0
C:\Users\jeffr\OneDrive\Desktop\termux-app-master\termux-shared\src\main\java\com\termux\shared\termux\extrakeys\ExtraKeysConstants.java,com.termux.shared.termux.extrakeys.ExtraKeysConstants$EXTRA_KEY_DISPLAY_MAPS$Anonymous4,anonymous,0,0,0,0,1,1,0,1,0,0.0,NaN,NaN,0,0,0,0,0,0,1,0,0,0,0,0,0,0,0,0,0,0,0,8,0,0,0,0,0,8,0,0,0,0,0,0,0,0,1,-1,0
C:\Users\jeffr\OneDrive\Desktop\termux-app-master\termux-shared\src\main\java\com\termux\shared\termux\extrakeys\ExtraKeysConstants.java,com.termux.shared.termux.extrakeys.ExtraKeysConstants$EXTRA_KEY_DISPLAY_MAPS$Anonymous5,anonymous,0,0,0,0,1,1,0,1,0,0.0,NaN,NaN,0,0,0,0,0,0,1,0,0,0,0,0,0,0,0,0,0,0,0,8,0,0,0,0,0,8,0,0,0,0,0,0,0,0,1,-1,0
C:\Users\jeffr\OneDrive\Desktop\termux-app-master\termux-shared\src\main\java\com\termux\shared\termux\extrakeys\ExtraKeysConstants.java,com.termux.shared.termux.extrakeys.ExtraKeysConstants$EXTRA_KEY_DISPLAY_MAPS$Anonymous6,anonymous,0,0,0,0,1,1,0,1,0,0.0,NaN,NaN,0,0,0,0,0,0,1,0,0,0,0,0,0,0,0,0,0,0,0,7,0,0,0,0,0,6,0,0,0,0,0,0,0,0,1,-1,0
C:\Users\jeffr\OneDrive\Desktop\termux-app-master\termux-shared\src\main\java\com\termux\shared\reflection\ReflectionUtils.java,com.termux.shared.reflection.ReflectionUtils,class,8,14,6,8,28,1,0,24,31,0.6333333,0.35238096,0.42857143,15,15,15,0,0,0,15,0,0,0,2,2,0,2,0,0,1,0,24,134,23,0,1,9,0,25,5,7,8,6,2,0,2,0,113,1,0
C:\Users\jeffr\OneDrive\Desktop\termux-app-master\terminal-view\src\main\java\com\termux\view\GestureAndScaleRecognizer.java,com.termux.view.GestureAndScaleRecognizer$Anonymous1,anonymous,2,2,0,2,4,1,0,6,6,0.0,0.0,0.0,4,0,4,0,0,0,4,0,0,0,0,0,0,0,0,0,0,0,0,15,3,0,0,0,0,0,0,1,0,0,0,0,0,0,15,-1,0
C:\Users\jeffr\OneDrive\Desktop\termux-app-master\termux-shared\src\main\java\com\termux\shared\termux\extrakeys\ExtraKeysConstants.java,com.termux.shared.termux.extrakeys.ExtraKeysConstants$EXTRA_KEY_DISPLAY_MAPS,innerclass,1,1,0,1,0,1,0,0,0,NaN,-1.0,-1.0,0,0,0,0,0,0,0,0,0,0,10,10,10,0,0,0,10,0,0,90,0,0,0,0,0,0,0,10,0,10,0,10,0,0,48,9,0
C:\Users\jeffr\OneDrive\Desktop\termux-app-master\termux-shared\src\main\java\com\termux\shared\theme\ThemeUtils.java,com.termux.shared.theme.ThemeUtils,class,5,9,4,5,13,1,0,11,28,0.875,0.0,0.0,8,8,8,0,0,0,8,0,0,0,4,4,4,0,0,0,4,0,6,41,12,0,2,0,1,0,2,6,0,6,3,0,0,0,96,1,0
C:\Users\jeffr\OneDrive\Desktop\termux-app-master\termux-shared\src\main\java\com\termux\shared\termux\terminal\io\TerminalExtraKeys.java,com.termux.shared.termux.terminal.io.TerminalExtraKeys,class,11,13,2,11,19,1,1,15,4,0.5,0.16666667,0.16666667,4,0,3,0,1,0,4,0,0,0,1,0,0,1,0,0,1,0,0,67,2,1,2,0,0,1,5,22,0,11,3,0,0,1,34,1,0
C:\Users\jeffr\OneDrive\Desktop\termux-app-master\termux-shared\src\main\java\com\termux\shared\shell\command\result\ResultSender.java,com.termux.shared.shell.command.result.ResultSender,class,13,15,2,13,62,1,0,36,1,0.33333334,0.33333334,0.33333334,3,3,3,0,0,0,3,0,0,0,1,1,0,1,0,0,1,0,57,189,21,0,31,3,1,51,3,60,29,22,6,0,0,0,86,1,0
C:\Users\jeffr\OneDrive\Desktop\termux-app-master\termux-shared\src\main\java\com\termux\shared\android\PhantomProcessUtils.java,com.termux.shared.android.PhantomProcessUtils,class,12,13,1,12,9,1,0,13,3,0.6666667,0.0,0.0,3,3,3,0,0,0,3,0,0,0,4,4,3,1,0,0,4,0,8,35,6,0,2,1,0,13,2,10,4,8,1,0,0,0,182,1,0
C:\Users\jeffr\OneDrive\Desktop\termux-app-master\app\src\main\java\com\termux\app\fragments\settings\TermuxTaskerPreferencesFragment.java,com.termux.app.fragments.settings.TermuxTaskerPreferencesDataStore,class,4,6,2,4,3,2,0,1,1,0.5,NaN,NaN,2,1,1,1,0,0,1,0,0,1,3,1,0,3,0,0,2,0,1,15,1,0,1,0,0,0,0,3,0,3,1,0,0,0,14,0,0
C:\Users\jeffr\OneDrive\Desktop\termux-app-master\app\src\main\java\com\termux\app\terminal\io\FullScreenWorkAround.java,com.termux.app.terminal.io.FullScreenWorkAround,class,6,8,2,6,7,1,0,12,2,0.6,NaN,NaN,5,1,1,4,0,0,1,0,0,0,4,0,0,4,0,0,3,0,0,39,2,0,1,0,3,0,2,11,5,9,2,0,0,0,66,1,0
C:\Users\jeffr\OneDrive\Desktop\termux-app-master\app\src\main\java\com\termux\app\fragments\settings\termux_api\DebuggingPreferencesFragment.java,com.termux.app.fragments.settings.termux_api.DebuggingPreferencesDataStore,class,5,7,2,5,12,2,0,5,0,0.5,0.33333334,0.33333334,4,1,3,1,0,0,3,0,0,1,3,1,0,3,0,0,2,0,3,38,7,0,6,0,0,2,0,3,0,3,1,0,0,0,24,0,0
C:\Users\jeffr\OneDrive\Desktop\termux-app-master\termux-shared\src\main\java\com\termux\shared\shell\command\environment\ShellEnvironmentVariable.java,com.termux.shared.shell.command.environment.ShellEnvironmentVariable,class,1,3,2,1,3,1,0,1,0,0.33333334,1.0,1.0,3,0,3,0,0,0,3,0,0,0,3,0,3,0,0,0,0,0,0,16,1,0,0,0,0,0,0,3,0,3,0,0,0,0,15,1,0
C:\Users\jeffr\OneDrive\Desktop\termux-app-master\app\src\main\java\com\termux\app\fragments\settings\TermuxAPIPreferencesFragment.java,com.termux.app.fragments.settings.TermuxAPIPreferencesFragment,class,6,6,0,6,2,2,0,5,0,0.0,NaN,NaN,1,0,1,0,0,0,1,0,0,0,0,0,0,0,0,0,0,0,1,9,1,0,1,0,0,0,0,2,0,2,1,0,0,0,22,1,0
C:\Users\jeffr\OneDrive\Desktop\termux-app-master\app\src\main\java\com\termux\app\terminal\io\TerminalToolbarViewPager.java,com.termux.app.terminal.io.TerminalToolbarViewPager$PageAdapter,innerclass,13,13,0,13,13,2,0,27,8,0.6,0.1,0.1,5,0,5,0,0,0,5,0,0,0,2,0,0,0,0,2,1,0,1,58,4,0,5,0,0,2,3,11,0,11,5,0,0,1,41,9,0
C:\Users\jeffr\OneDrive\Desktop\termux-app-master\app\src\main\java\com\termux\app\TermuxService.java,com.termux.app.TermuxService,class,46,53,7,46,163,3,0,137,139,0.8534883,0.15076923,0.24,43,0,26,17,0,0,26,0,0,18,10,1,0,9,0,1,4,0,99,485,56,10,53,0,5,78,27,108,24,67,3,0,1,1,372,17,0
C:\Users\jeffr\OneDrive\Desktop\termux-app-master\termux-shared\src\main\java\com\termux\shared\termux\settings\preferences\TermuxFloatAppSharedPreferences.java,com.termux.shared.termux.settings.preferences.TermuxFloatAppSharedPreferences,class,12,17,5,12,28,1,0,20,0,0.81632656,0.6143791,0.78431374,21,4,18,3,0,0,18,0,0,0,7,1,0,7,0,0,4,0,27,91,17,0,4,0,1,1,10,15,1,12,1,0,0,0,86,1,0
C:\Users\jeffr\OneDrive\Desktop\termux-app-master\terminal-emulator\src\test\java\com\termux\terminal\TerminalTestCase.java,com.termux.terminal.TerminalTestCase$EffectLine,innerclass,1,1,0,1,1,1,0,0,0,0.0,NaN,NaN,1,0,1,0,0,0,1,0,0,0,1,0,0,0,0,1,1,0,0,6,0,0,0,0,0,0,0,1,0,1,0,0,0,0,3,9,0
C:\Users\jeffr\OneDrive\Desktop\termux-app-master\termux-shared\src\main\java\com\termux\shared\view\ViewUtils.java,com.termux.shared.view.ViewUtils,class,16,20,4,16,41,1,0,30,76,0.8846154,0.012820513,0.012820513,13,13,13,0,0,0,13,0,0,0,2,2,1,1,0,0,1,0,22,115,15,1,10,0,8,26,6,33,12,23,4,0,0,0,176,1,0
C:\Users\jeffr\OneDrive\Desktop\termux-app-master\terminal-emulator\src\main\java\com\termux\terminal\TerminalColorScheme.java,com.termux.terminal.TerminalColorScheme,class,3,6,3,3,14,1,0,12,0,0.5,0.33333334,0.33333334,4,0,3,1,0,0,3,0,0,0,2,1,1,1,0,0,2,0,4,52,0,1,1,1,0,11,267,16,3,9,3,0,0,0,104,17,0
C:\Users\jeffr\OneDrive\Desktop\termux-app-master\app\src\main\java\com\termux\app\fragments\settings\termux\TerminalIOPreferencesFragment.java,com.termux.app.fragments.settings.termux.TerminalIOPreferencesFragment,class,6,6,0,6,2,2,0,5,0,0.0,NaN,NaN,1,0,1,0,0,0,1,0,0,0,0,0,0,0,0,0,0,0,1,9,1,0,1,0,0,0,0,2,0,2,1,0,0,0,21,1,0
C:\Users\jeffr\OneDrive\Desktop\termux-app-master\terminal-emulator\src\main\java\com\termux\terminal\TerminalEmulator.java,com.termux.terminal.TerminalEmulator$SavedScreenState,innerclass,0,0,0,0,0,1,0,0,0,NaN,-1.0,-1.0,0,0,0,0,0,0,0,0,0,0,4,0,0,0,0,4,0,0,0,6,0,0,0,0,0,0,0,1,0,9,0,0,0,0,34,24,0
C:\Users\jeffr\OneDrive\Desktop\termux-app-master\termux-shared\src\main\java\com\termux\shared\termux\TermuxBootstrap.java,com.termux.shared.termux.TermuxBootstrap$PackageVariant,enum,2,2,0,2,9,1,0,3,0,0.0,1.0,1.0,4,1,3,0,0,1,4,0,0,0,1,0,0,1,0,0,1,0,1,22,5,1,2,0,0,2,0,1,0,1,2,0,0,0,38,1,0
C:\Users\jeffr\OneDrive\Desktop\termux-app-master\termux-shared\src\main\java\com\termux\shared\activity\media\AppCompatActivityUtils.java,com.termux.shared.activity.media.AppCompatActivityUtils,class,8,11,3,8,19,1,0,15,8,0.6,0.1,0.1,5,5,5,0,0,0,5,0,0,0,1,1,0,1,0,0,1,0,3,59,1,0,10,2,0,3,2,7,2,7,3,0,0,0,63,1,0
C:\Users\jeffr\OneDrive\Desktop\termux-app-master\termux-shared\src\main\java\com\termux\shared\termux\shell\command\environment\TermuxShellEnvironment.java,com.termux.shared.termux.shell.command.environment.TermuxShellEnvironment,class,13,20,7,13,13,3,0,16,21,0.85714287,0.0,0.0,7,2,7,0,0,0,7,0,0,2,2,2,1,1,0,0,2,0,11,54,5,0,4,0,0,6,0,10,1,8,2,0,0,0,58,1,0
C:\Users\jeffr\OneDrive\Desktop\termux-app-master\terminal-emulator\src\test\java\com\termux\terminal\ByteQueueTest.java,com.termux.terminal.ByteQueueTest,class,4,5,1,4,9,2,0,8,10,0.0,0.0,0.0,5,1,4,1,0,0,4,0,0,0,0,0,0,0,0,0,0,0,3,41,0,2,2,0,0,4,57,9,1,9,2,0,0,0,31,1,0
C:\Users\jeffr\OneDrive\Desktop\termux-app-master\terminal-emulator\src\test\java\com\termux\terminal\TerminalTest.java,com.termux.terminal.TerminalTest,class,7,7,0,7,27,3,0,25,136,0.0,0.0,0.0,17,0,17,0,0,0,17,0,0,0,0,0,0,0,0,0,0,0,19,237,0,8,2,0,7,148,135,15,6,15,2,0,0,0,89,1,0
C:\Users\jeffr\OneDrive\Desktop\termux-app-master\app\src\main\java\com\termux\app\fragments\settings\termux_api\DebuggingPreferencesFragment.java,com.termux.app.fragments.settings.termux_api.DebuggingPreferencesFragment,class,12,13,1,12,6,2,0,11,1,0.0,NaN,NaN,2,0,1,1,0,0,1,0,0,0,0,0,0,0,0,0,0,0,3,21,3,0,4,0,0,2,0,5,0,5,2,0,0,0,35,1,0
C:\Users\jeffr\OneDrive\Desktop\termux-app-master\termux-shared\src\main\java\com\termux\shared\file\tests\FileUtilsTests.java,com.termux.shared.file.tests.FileUtilsTests,class,7,8,1,7,43,1,0,40,28,0.875,0.0,0.0,8,8,5,3,0,0,5,0,0,0,1,1,0,1,0,0,1,0,127,205,3,0,9,1,4,164,0,108,72,36,1,0,0,0,113,1,0
C:\Users\jeffr\OneDrive\Desktop\termux-app-master\termux-shared\src\main\java\com\termux\shared\reflection\ReflectionUtils.java,com.termux.shared.reflection.ReflectionUtils$MethodInvokeResult,innerclass,0,0,0,0,1,1,0,0,0,0.0,NaN,NaN,1,0,0,0,0,1,1,0,0,0,2,0,2,0,0,0,0,0,0,8,0,0,0,0,0,0,0,2,0,2,0,0,0,0,16,9,0
C:\Users\jeffr\OneDrive\Desktop\termux-app-master\termux-shared\src\main\java\com\termux\shared\net\socket\local\LocalSocketErrno.java,com.termux.shared.net.socket.local.LocalSocketErrno,class,1,1,0,1,1,2,0,0,0,1.0,NaN,NaN,1,0,0,0,0,1,1,0,0,0,24,24,24,0,0,0,24,0,0,29,0,0,0,0,0,24,23,24,0,24,0,0,0,0,72,1,0
C:\Users\jeffr\OneDrive\Desktop\termux-app-master\termux-shared\src\main\java\com\termux\shared\shell\command\result\ResultSenderErrno.java,com.termux.shared.shell.command.result.ResultSenderErrno,class,1,1,0,1,1,2,0,0,0,1.0,NaN,NaN,1,0,0,0,0,1,1,0,0,0,5,5,5,0,0,0,5,0,0,10,0,0,0,0,0,5,4,5,0,5,0,0,0,0,45,1,0
C:\Users\jeffr\OneDrive\Desktop\termux-app-master\termux-shared\src\main\java\com\termux\shared\termux\settings\preferences\TermuxPreferenceConstants.java,com.termux.shared.termux.settings.preferences.TermuxPreferenceConstants$TERMUX_BOOT_APP,innerclass,0,0,0,0,0,1,0,0,0,NaN,-1.0,-1.0,0,0,0,0,0,0,0,0,0,0,1,1,1,0,0,0,1,0,0,3,0,0,0,0,0,1,0,1,0,1,0,0,0,0,22,25,0
C:\Users\jeffr\OneDrive\Desktop\termux-app-master\termux-shared\src\main\java\com\termux\shared\crash\CrashHandler.java,com.termux.shared.crash.CrashHandler,class,9,11,2,9,14,1,0,29,18,0.725,0.14285715,0.14285715,8,4,7,1,0,0,7,0,0,0,5,1,0,5,0,0,5,0,17,61,1,0,2,0,1,20,0,8,2,8,1,0,1,0,68,1,0
C:\Users\jeffr\OneDrive\Desktop\termux-app-master\termux-shared\src\main\java\com\termux\shared\net\url\UrlUtils.java,com.termux.shared.net.url.UrlUtils,class,5,6,1,5,26,1,0,19,10,0.8,0.0,0.0,5,5,5,0,0,0,5,0,0,0,1,1,0,1,0,0,1,0,7,59,22,0,6,2,0,10,0,2,1,2,2,0,1,0,61,1,0
C:\Users\jeffr\OneDrive\Desktop\termux-app-master\terminal-emulator\src\main\java\com\termux\terminal\JNI.java,com.termux.terminal.JNI,class,1,3,2,1,5,1,0,1,6,0.0,0.0,0.0,4,4,4,0,0,0,5,0,0,0,0,0,0,0,0,0,0,0,1,9,0,0,0,0,0,1,0,0,0,0,0,0,0,0,117,16,0
C:\Users\jeffr\OneDrive\Desktop\termux-app-master\termux-shared\src\main\java\com\termux\shared\termux\extrakeys\ExtraKeysConstants.java,com.termux.shared.termux.extrakeys.ExtraKeysConstants$ExtraKeyDisplayMap,innerclass,1,1,0,1,0,4,0,0,0,0.0,-1.0,-1.0,0,0,0,0,0,0,0,0,0,0,0,0,0,0,0,0,0,0,0,2,0,0,0,0,0,0,0,0,0,0,0,0,0,0,4,9,0
C:\Users\jeffr\OneDrive\Desktop\termux-app-master\termux-shared\src\main\java\com\termux\shared\termux\settings\preferences\TermuxStylingAppSharedPreferences.java,com.termux.shared.termux.settings.preferences.TermuxStylingAppSharedPreferences,class,9,10,1,9,12,1,0,9,15,0.78571427,0.16666667,0.16666667,7,4,4,3,0,0,4,0,0,0,4,1,0,4,0,0,4,0,10,37,10,0,4,0,0,1,0,7,0,6,1,0,0,0,59,1,0
C:\Users\jeffr\OneDrive\Desktop\termux-app-master\app\src\main\java\com\termux\app\RunCommandService.java,com.termux.app.RunCommandService,class,20,22,2,20,31,3,0,48,26,0.8125,0.33333334,0.33333334,8,0,3,5,0,0,3,0,0,0,2,1,0,2,0,0,2,0,41,156,13,0,13,0,1,10,1,41,2,10,2,0,1,0,91,1,0
C:\Users\jeffr\OneDrive\Desktop\termux-app-master\terminal-view\src\main\java\com\termux\view\TerminalViewClient.java,com.termux.view.TerminalViewClient,interface,3,7,4,3,23,1,0,0,253,0.0,0.0,0.0,23,0,0,0,0,23,23,0,0,0,0,0,0,0,0,0,0,0,0,25,0,0,0,0,0,0,0,0,0,0,0,0,0,0,107,1,0
C:\Users\jeffr\OneDrive\Desktop\termux-app-master\termux-shared\src\main\java\com\termux\shared\termux\shell\command\runner\terminal\TermuxSession.java,com.termux.shared.termux.shell.command.runner.terminal.TermuxSession$TermuxSessionClient,interface,1,1,0,1,1,1,0,0,0,0.0,NaN,NaN,1,0,0,0,0,1,1,0,0,0,0,0,0,0,0,0,0,0,0,3,0,0,0,0,0,0,0,0,0,0,0,0,0,0,11,1,0
C:\Users\jeffr\OneDrive\Desktop\termux-app-master\terminal-emulator\src\test\java\com\termux\terminal\ScreenBufferTest.java,com.termux.terminal.ScreenBufferTest,class,3,3,0,3,5,3,0,11,10,0.0,0.0,0.0,5,0,5,0,0,0,5,0,0,0,0,0,0,0,0,0,0,0,0,55,0,0,0,0,0,40,107,2,0,2,0,0,0,0,29,1,0
C:\Users\jeffr\OneDrive\Desktop\termux-app-master\terminal-emulator\src\test\java\com\termux\terminal\HistoryTest.java,com.termux.terminal.HistoryTest,class,2,2,0,2,2,3,0,6,1,0.0,0.0,0.0,2,0,2,0,0,0,2,0,0,0,0,0,0,0,0,0,0,0,0,23,0,0,0,0,0,35,10,2,0,2,0,0,0,0,20,1,0
C:\Users\jeffr\OneDrive\Desktop\termux-app-master\termux-shared\src\main\java\com\termux\shared\termux\extrakeys\ExtraKeysConstants.java,com.termux.shared.termux.extrakeys.ExtraKeysConstants$CleverMap,innerclass,2,2,0,2,2,3,0,2,0,0.0,NaN,NaN,1,0,0,0,0,1,1,0,0,0,0,0,0,0,0,0,0,0,0,6,2,0,0,0,0,0,0,0,0,0,1,0,0,0,19,8,0
C:\Users\jeffr\OneDrive\Desktop\termux-app-master\app\src\main\java\com\termux\app\TermuxInstaller.java,com.termux.app.TermuxInstaller,class,15,19,4,15,17,1,0,37,9,0.42857143,0.1,0.1,7,7,3,2,0,2,5,0,0,0,1,1,0,1,0,0,1,0,26,238,5,0,1,1,0,19,0,10,8,12,3,2,0,3,142,16,0
C:\Users\jeffr\OneDrive\Desktop\termux-app-master\termux-shared\src\main\java\com\termux\shared\termux\shell\TermuxShellUtils.java,com.termux.shared.termux.shell.TermuxShellUtils,class,8,10,2,8,25,1,0,17,1,0.5,0.0,0.0,2,2,2,0,0,0,2,0,0,0,1,1,0,1,0,0,1,0,10,71,2,1,14,2,0,12,17,20,5,16,8,0,0,0,72,1,0
C:\Users\jeffr\OneDrive\Desktop\termux-app-master\termux-shared\src\main\java\com\termux\shared\termux\settings\preferences\TermuxPreferenceConstants.java,com.termux.shared.termux.settings.preferences.TermuxPreferenceConstants$TERMUX_TASKER_APP,innerclass,0,0,0,0,0,1,0,0,0,NaN,-1.0,-1.0,0,0,0,0,0,0,0,0,0,0,3,3,3,0,0,0,3,0,0,5,0,0,0,0,0,2,1,3,0,3,0,0,0,0,33,25,0
C:\Users\jeffr\OneDrive\Desktop\termux-app-master\termux-shared\src\main\java\com\termux\shared\file\FileUtilsErrno.java,com.termux.shared.file.FileUtilsErrno,class,1,1,0,1,1,2,0,0,0,0.97959185,NaN,NaN,1,0,0,0,0,1,1,0,0,0,49,49,49,0,0,0,49,0,0,65,0,0,0,0,0,48,47,49,0,49,0,1,0,0,103,1,0
C:\Users\jeffr\OneDrive\Desktop\termux-app-master\termux-shared\src\main\java\com\termux\shared\crash\CrashHandler.java,com.termux.shared.crash.CrashHandler$CrashHandlerClient,interface,2,2,0,2,4,1,0,0,6,0.0,0.0,0.0,4,0,0,0,0,4,4,0,0,0,0,0,0,0,0,0,0,0,0,6,0,0,0,0,0,0,0,0,0,0,0,0,0,0,50,1,0
C:\Users\jeffr\OneDrive\Desktop\termux-app-master\app\src\main\java\com\termux\app\fragments\settings\TermuxFloatPreferencesFragment.java,com.termux.app.fragments.settings.TermuxFloatPreferencesFragment,class,6,6,0,6,2,2,0,5,0,0.0,NaN,NaN,1,0,1,0,0,0,1,0,0,0,0,0,0,0,0,0,0,0,1,9,1,0,1,0,0,0,0,2,0,2,1,0,0,0,20,1,0
C:\Users\jeffr\OneDrive\Desktop\termux-app-master\termux-shared\src\main\java\com\termux\shared\activities\ReportActivity.java,com.termux.shared.activities.ReportActivity,class,32,40,8,32,56,3,0,82,41,0.83760685,0.29090908,0.38181818,18,8,8,7,3,0,11,0,0,0,13,9,2,11,0,0,9,0,52,277,17,0,27,1,0,42,6,51,18,40,5,1,2,0,261,1,0
C:\Users\jeffr\OneDrive\Desktop\termux-app-master\termux-shared\src\main\java\com\termux\shared\termux\TermuxConstants.java,com.termux.shared.termux.TermuxConstants$TERMUX_FLOAT_APP$TERMUX_FLOAT_SERVICE,innerclass,0,0,0,0,0,1,0,0,0,NaN,-1.0,-1.0,0,0,0,0,0,0,0,0,0,0,3,3,3,0,0,0,3,0,0,5,0,0,0,0,0,3,0,3,3,3,0,0,0,0,30,25,0
C:\Users\jeffr\OneDrive\Desktop\termux-app-master\app\src\main\java\com\termux\app\api\file\FileReceiverActivity.java,com.termux.app.api.file.FileReceiverActivity,class,16,19,3,16,36,2,0,57,18,0.7916667,0.17857143,0.35714287,8,2,2,0,1,5,8,0,0,0,6,5,0,2,0,4,5,0,17,184,11,1,11,5,1,33,4,42,14,43,4,1,0,6,161,1,0
C:\Users\jeffr\OneDrive\Desktop\termux-app-master\termux-shared\src\main\java\com\termux\shared\markdown\MarkdownUtils.java,com.termux.shared.markdown.MarkdownUtils,class,5,24,19,5,26,1,0,19,36,0.8888889,0.0,0.0,9,9,9,0,0,0,9,0,0,0,2,2,2,0,0,0,2,0,5,77,17,1,9,0,1,30,6,14,13,10,3,2,0,0,89,1,0
C:\Users\jeffr\OneDrive\Desktop\termux-app-master\app\src\main\java\com\termux\app\fragments\settings\TermuxAPIPreferencesFragment.java,com.termux.app.fragments.settings.TermuxAPIPreferencesDataStore,class,4,6,2,4,3,2,0,1,1,0.5,NaN,NaN,2,1,1,1,0,0,1,0,0,1,3,1,0,3,0,0,2,0,1,15,1,0,1,0,0,0,0,3,0,3,1,0,0,0,16,0,0
C:\Users\jeffr\OneDrive\Desktop\termux-app-master\termux-shared\src\main\java\com\termux\shared\shell\StreamGobbler.java,com.termux.shared.shell.StreamGobbler,class,8,10,2,8,30,2,0,17,0,0.6319445,0.43636364,1.0,12,1,10,1,0,1,11,0,0,0,12,2,0,12,0,0,9,0,10,141,6,3,7,4,1,10,3,36,5,16,5,0,2,0,138,1,0
C:\Users\jeffr\OneDrive\Desktop\termux-app-master\terminal-view\src\main\java\com\termux\view\TerminalView.java,com.termux.view.TerminalView$TerminalCursorBlinkerRunnable,innerclass,1,1,0,1,4,1,0,3,0,0.33333334,1.0,1.0,3,0,3,0,0,0,3,0,0,0,3,0,0,2,0,1,1,0,0,24,0,0,1,1,0,0,0,5,0,3,2,0,0,0,16,2,0
C:\Users\jeffr\OneDrive\Desktop\termux-app-master\termux-shared\src\main\java\com\termux\shared\logger\Logger.java,com.termux.shared.logger.Logger,class,5,92,87,5,133,1,0,53,1119,0.9034483,0.1615245,0.3000605,58,58,58,0,0,0,58,0,0,0,10,10,8,2,0,0,8,0,67,305,36,6,38,1,5,27,30,44,16,28,5,0,0,1,186,1,0
C:\Users\jeffr\OneDrive\Desktop\termux-app-master\termux-shared\src\main\java\com\termux\shared\termux\plugins\TermuxPluginUtils.java,com.termux.shared.termux.plugins.TermuxPluginUtils,class,32,37,5,32,50,1,0,67,60,0.75,0.045454547,0.045454547,12,12,12,0,0,0,12,0,0,0,1,1,0,1,0,0,1,0,58,136,14,0,24,0,0,22,0,45,11,26,2,0,0,0,184,1,0
C:\Users\jeffr\OneDrive\Desktop\termux-app-master\app\src\main\java\com\termux\app\activities\SettingsActivity.java,com.termux.app.activities.SettingsActivity$RootPreferencesFragment$Anonymous1,anonymous,1,1,0,1,1,1,0,6,0,0.0,NaN,NaN,1,0,1,0,0,0,1,0,0,0,0,0,0,0,0,0,0,0,0,10,0,0,0,0,0,0,0,0,0,0,0,0,0,0,13,-1,0
C:\Users\jeffr\OneDrive\Desktop\termux-app-master\terminal-emulator\src\main\java\com\termux\terminal\TerminalSession.java,com.termux.terminal.TerminalSession$MainThreadHandler,innerclass,8,8,0,8,5,2,0,6,0,0.0,NaN,NaN,1,0,1,0,0,0,1,0,0,0,1,0,0,0,0,1,1,0,0,26,0,0,1,0,1,7,5,8,3,5,2,0,0,0,38,0,0
C:\Users\jeffr\OneDrive\Desktop\termux-app-master\termux-shared\src\main\java\com\termux\shared\termux\settings\properties\TermuxAppSharedProperties.java,com.termux.shared.termux.settings.properties.TermuxAppSharedProperties,class,5,13,8,5,4,2,0,0,1,0.33333334,1.0,1.0,3,2,2,1,0,0,2,0,0,0,1,1,0,1,0,0,0,0,0,13,2,0,1,0,0,0,0,1,0,1,1,0,0,0,18,1,0
C:\Users\jeffr\OneDrive\Desktop\termux-app-master\app\src\main\java\com\termux\app\activities\SettingsActivity.java,com.termux.app.activities.SettingsActivity$RootPreferencesFragment$Anonymous2,anonymous,4,4,0,4,1,1,0,11,0,0.0,NaN,NaN,1,0,1,0,0,0,1,0,0,0,0,0,0,0,0,0,0,0,0,14,0,0,0,0,0,6,0,4,2,4,0,0,0,0,12,-1,0
C:\Users\jeffr\OneDrive\Desktop\termux-app-master\termux-shared\src\main\java\com\termux\shared\activities\ReportActivity.java,com.termux.shared.activities.ReportActivity$Anonymous1,anonymous,3,3,0,3,2,1,0,3,0,0.0,NaN,NaN,1,0,1,0,0,0,1,0,0,0,0,0,0,0,0,0,0,0,2,8,0,0,1,0,0,0,0,1,0,1,1,0,0,0,13,-1,0
C:\Users\jeffr\OneDrive\Desktop\termux-app-master\termux-shared\src\main\java\com\termux\shared\termux\settings\preferences\TermuxBootAppSharedPreferences.java,com.termux.shared.termux.settings.preferences.TermuxBootAppSharedPreferences,class,9,10,1,9,12,1,0,9,15,0.78571427,0.16666667,0.16666667,7,4,4,3,0,0,4,0,0,0,4,1,0,4,0,0,4,0,10,37,10,0,4,0,0,1,0,7,0,6,1,0,0,0,59,1,0
C:\Users\jeffr\OneDrive\Desktop\termux-app-master\termux-shared\src\main\java\com\termux\shared\termux\shell\TermuxShellManager.java,com.termux.shared.termux.shell.TermuxShellManager,class,8,13,5,8,14,1,0,4,22,0.875,0.10714286,0.14285715,8,7,8,0,0,0,8,0,0,4,8,4,5,2,1,0,4,0,1,47,6,0,2,0,0,0,9,17,2,11,1,0,0,0,95,1,0
C:\Users\jeffr\OneDrive\Desktop\termux-app-master\app\src\main\java\com\termux\app\fragments\settings\termux_widget\DebuggingPreferencesFragment.java,com.termux.app.fragments.settings.termux_widget.DebuggingPreferencesDataStore,class,5,7,2,5,12,2,0,5,0,0.5,0.33333334,0.33333334,4,1,3,1,0,0,3,0,0,1,3,1,0,3,0,0,2,0,3,38,7,0,6,0,0,2,0,3,0,3,1,0,0,0,22,0,0
C:\Users\jeffr\OneDrive\Desktop\termux-app-master\termux-shared\src\main\java\com\termux\shared\shell\am\AmSocketServer.java,com.termux.shared.shell.am.AmSocketServer$AmSocketServerClient,innerclass,5,5,0,5,1,2,0,2,0,0.0,NaN,NaN,1,0,1,0,0,0,1,0,0,0,0,0,0,0,0,0,0,0,1,6,0,0,0,0,0,0,0,0,0,0,0,0,0,0,12,1033,0
C:\Users\jeffr\OneDrive\Desktop\termux-app-master\app\src\main\java\com\termux\app\terminal\TermuxTerminalViewClient.java,com.termux.app.terminal.TermuxTerminalViewClient,class,37,41,4,37,149,2,0,135,0,0.87297285,0.4810606,0.52272725,37,0,33,4,0,0,33,0,0,0,9,1,0,6,0,3,3,0,42,507,45,2,40,0,1,15,22,75,6,61,5,2,0,6,219,1,0
C:\Users\jeffr\OneDrive\Desktop\termux-app-master\termux-shared\src\main\java\com\termux\shared\shell\command\result\ResultData.java,com.termux.shared.shell.command.result.ResultData,class,7,11,4,7,57,1,0,30,264,0.79310346,0.11083744,0.19950739,29,5,29,0,0,0,29,0,0,7,4,0,4,0,0,0,2,0,20,147,35,4,11,0,0,40,10,10,5,10,4,0,0,0,58,1,0
C:\Users\jeffr\OneDrive\Desktop\termux-app-master\termux-shared\src\main\java\com\termux\shared\termux\TermuxConstants.java,com.termux.shared.termux.TermuxConstants$TERMUX_STYLING,innerclass,0,0,0,0,0,1,0,0,0,NaN,-1.0,-1.0,0,0,0,0,0,0,0,0,0,0,1,1,1,0,0,0,1,0,0,3,0,0,0,0,0,1,0,1,1,1,0,0,0,0,21,25,0
C:\Users\jeffr\OneDrive\Desktop\termux-app-master\terminal-view\src\main\java\com\termux\view\support\PopupWindowCompatGingerbread.java,com.termux.view.support.PopupWindowCompatGingerbread,class,1,2,1,1,10,1,0,3,1,0.5,0.0,0.0,2,2,2,0,0,0,2,0,0,0,4,4,0,4,0,0,0,0,0,43,2,0,2,4,0,2,1,4,0,4,2,0,0,0,39,1,0
C:\Users\jeffr\OneDrive\Desktop\termux-app-master\app\src\main\java\com\termux\app\activities\HelpActivity.java,com.termux.app.activities.HelpActivity$Anonymous1,anonymous,2,2,0,2,5,1,0,6,1,0.0,0.0,0.0,2,0,2,0,0,0,2,0,0,0,0,0,0,0,0,0,0,0,0,19,3,0,0,1,0,1,0,0,1,0,1,0,0,0,24,-1,0
C:\Users\jeffr\OneDrive\Desktop\termux-app-master\termux-shared\src\main\java\com\termux\shared\net\socket\local\ILocalSocketManager.java,com.termux.shared.net.socket.local.ILocalSocketManager,interface,5,9,4,5,4,1,0,0,6,0.0,0.0,0.0,4,0,0,0,0,4,4,0,0,0,0,0,0,0,0,0,0,0,0,6,0,0,0,0,0,0,0,0,0,0,0,0,0,0,84,1,0
C:\Users\jeffr\OneDrive\Desktop\termux-app-master\terminal-emulator\src\main\java\com\termux\terminal\TerminalBuffer.java,com.termux.terminal.TerminalBuffer,class,6,18,12,6,141,1,0,37,0,0.6388889,0.51778656,0.7509881,24,0,23,1,0,0,23,0,0,0,5,0,0,2,0,3,0,0,12,320,17,17,28,0,34,22,108,136,71,83,6,0,0,0,267,17,0
C:\Users\jeffr\OneDrive\Desktop\termux-app-master\terminal-view\src\main\java\com\termux\view\GestureAndScaleRecognizer.java,com.termux.view.GestureAndScaleRecognizer$Anonymous2,anonymous,2,2,0,2,3,1,0,2,3,0.0,0.0,0.0,3,0,3,0,0,0,3,0,0,0,0,0,0,0,0,0,0,0,0,11,3,0,0,0,0,0,0,0,0,0,0,0,0,0,9,-1,0
C:\Users\jeffr\OneDrive\Desktop\termux-app-master\terminal-view\src\main\java\com\termux\view\GestureAndScaleRecognizer.java,com.termux.view.GestureAndScaleRecognizer$Anonymous3,anonymous,2,2,0,2,2,1,0,4,1,0.0,0.0,0.0,2,0,2,0,0,0,2,0,0,0,0,0,0,0,0,0,0,0,0,8,2,0,0,0,0,0,0,0,0,0,0,0,0,0,7,-1,0
C:\Users\jeffr\OneDrive\Desktop\termux-app-master\termux-shared\src\main\java\com\termux\shared\shell\ShellUtils.java,com.termux.shared.shell.ShellUtils,class,6,12,6,6,12,1,0,13,6,0.0,0.0,0.0,4,4,4,0,0,0,4,0,0,0,0,0,0,0,0,0,0,0,2,39,9,0,5,2,0,1,2,7,0,5,2,0,0,0,41,1,0
C:\Users\jeffr\OneDrive\Desktop\termux-app-master\termux-shared\src\main\java\com\termux\shared\termux\settings\preferences\TermuxAPIAppSharedPreferences.java,com.termux.shared.termux.settings.preferences.TermuxAPIAppSharedPreferences,class,9,14,5,9,12,1,0,9,15,0.78571427,0.16666667,0.16666667,7,4,4,3,0,0,4,0,0,0,4,1,0,4,0,0,4,0,10,37,10,0,4,0,0,1,0,7,0,6,1,0,0,0,60,1,0
C:\Users\jeffr\OneDrive\Desktop\termux-app-master\termux-shared\src\main\java\com\termux\shared\termux\extrakeys\ExtraKeysConstants.java,com.termux.shared.termux.extrakeys.ExtraKeysConstants$Anonymous1,anonymous,0,0,0,0,1,1,0,1,0,0.0,NaN,NaN,0,0,0,0,0,0,1,0,0,0,0,0,0,0,0,0,0,0,0,31,0,0,0,0,0,27,0,0,0,0,0,0,0,0,1,-1,0
C:\Users\jeffr\OneDrive\Desktop\termux-app-master\termux-shared\src\main\java\com\termux\shared\termux\TermuxUtils.java,com.termux.shared.termux.TermuxUtils,class,22,41,19,22,88,1,0,67,400,0.8965517,0.0073891627,0.0073891627,29,29,29,0,0,0,29,0,0,0,1,1,0,1,0,0,1,0,91,316,53,2,32,2,2,118,7,56,10,45,4,0,1,0,285,1,0
C:\Users\jeffr\OneDrive\Desktop\termux-app-master\terminal-emulator\src\test\java\com\termux\terminal\TextStyleTest.java,com.termux.terminal.TextStyleTest,class,3,3,0,3,15,2,0,6,8,0.6,0.1,0.1,5,0,5,0,0,0,5,0,0,0,1,1,0,1,0,0,1,0,16,47,0,8,2,0,5,0,20,12,2,10,3,0,0,0,38,1,0
C:\Users\jeffr\OneDrive\Desktop\termux-app-master\termux-shared\src\main\java\com\termux\shared\activity\ActivityUtils.java,com.termux.shared.activity.ActivityUtils,class,10,13,3,10,22,1,0,11,8,0.6,0.1,0.1,5,5,5,0,0,0,5,0,0,0,1,1,0,1,0,0,1,0,3,59,10,0,5,2,2,6,0,8,0,5,6,0,0,0,72,1,0
C:\Users\jeffr\OneDrive\Desktop\termux-app-master\app\src\main\java\com\termux\app\terminal\io\TermuxTerminalExtraKeys.java,com.termux.app.terminal.io.TermuxTerminalExtraKeys,class,15,18,3,15,17,2,0,20,0,0.55,0.33333334,0.33333334,4,0,3,1,0,0,3,0,0,0,5,1,0,2,0,3,4,0,6,62,1,0,4,2,0,15,0,14,3,10,2,0,0,0,56,1,0
C:\Users\jeffr\OneDrive\Desktop\termux-app-master\app\src\main\java\com\termux\app\TermuxActivity.java,com.termux.app.TermuxActivity$TermuxActivityBroadcastReceiver,innerclass,6,6,0,6,6,2,0,7,0,0.0,NaN,NaN,1,0,1,0,0,0,1,0,0,0,0,0,0,0,0,0,0,0,4,23,4,0,1,0,0,3,0,0,0,0,2,0,0,0,24,0,0
C:\Users\jeffr\OneDrive\Desktop\termux-app-master\termux-shared\src\main\java\com\termux\shared\activities\ReportActivity.java,com.termux.shared.activities.ReportActivity$NewInstanceResult,innerclass,1,1,0,1,1,1,0,0,0,0.0,NaN,NaN,1,0,0,0,0,1,1,0,0,0,2,0,2,0,0,0,0,0,0,8,0,0,0,0,0,0,0,2,0,2,0,0,0,0,28,9,0
C:\Users\jeffr\OneDrive\Desktop\termux-app-master\termux-shared\src\main\java\com\termux\shared\net\uri\UriUtils.java,com.termux.shared.net.uri.UriUtils,class,6,10,4,6,12,1,0,9,15,0.0,0.0,0.0,6,6,6,0,0,0,6,0,0,0,0,0,0,0,0,0,0,0,5,33,10,0,2,0,1,2,0,4,2,3,2,0,0,0,64,1,0
C:\Users\jeffr\OneDrive\Desktop\termux-app-master\app\src\main\java\com\termux\app\fragments\settings\termux_tasker\DebuggingPreferencesFragment.java,com.termux.app.fragments.settings.termux_tasker.DebuggingPreferencesDataStore,class,5,7,2,5,12,2,0,5,0,0.5,0.33333334,0.33333334,4,1,3,1,0,0,3,0,0,1,3,1,0,3,0,0,2,0,3,38,7,0,6,0,0,2,0,3,0,3,1,0,0,0,22,0,0
C:\Users\jeffr\OneDrive\Desktop\termux-app-master\terminal-emulator\src\test\java\com\termux\terminal\ControlSequenceIntroducerTest.java,com.termux.terminal.ControlSequenceIntroducerTest,class,3,3,0,3,6,3,0,6,15,0.0,0.0,0.0,6,0,6,0,0,0,6,0,0,0,0,0,0,0,0,0,0,0,0,37,0,0,0,0,0,61,32,0,0,0,0,0,0,0,61,1,0
C:\Users\jeffr\OneDrive\Desktop\termux-app-master\termux-shared\src\main\java\com\termux\shared\settings\preferences\SharedPreferenceUtils.java,com.termux.shared.settings.preferences.SharedPreferenceUtils,class,5,13,8,5,54,1,0,23,0,0.11764706,0.77205884,0.77205884,17,17,17,0,0,0,17,0,0,0,1,1,0,1,0,0,1,0,27,174,32,0,19,7,2,71,3,10,22,6,2,0,0,0,115,1,0
C:\Users\jeffr\OneDrive\Desktop\termux-app-master\termux-shared\src\main\java\com\termux\shared\data\IntentUtils.java,com.termux.shared.data.IntentUtils,class,12,21,9,12,38,1,0,23,21,1.0,0.0,0.0,7,7,7,0,0,0,7,0,0,0,1,1,0,1,0,0,1,0,15,95,15,1,12,1,0,12,3,10,3,9,2,0,0,0,55,1,0
C:\Users\jeffr\OneDrive\Desktop\termux-app-master\app\src\main\java\com\termux\app\terminal\TermuxActivityRootView.java,com.termux.app.terminal.TermuxActivityRootView,class,13,15,2,13,41,2,0,13,13,0.7678572,0.1904762,0.2857143,7,0,6,0,1,0,7,0,0,0,8,2,5,3,0,0,1,0,25,123,4,0,8,0,6,26,23,28,11,21,4,0,1,0,246,1,0
C:\Users\jeffr\OneDrive\Desktop\termux-app-master\terminal-emulator\src\main\java\com\termux\terminal\TerminalEmulator.java,com.termux.terminal.TerminalEmulator,class,12,35,23,12,588,1,0,119,1896,0.9490479,0.13763441,0.5075269,76,1,30,45,0,1,31,0,0,0,84,49,15,66,0,3,59,0,93,1830,50,25,114,4,68,96,622,463,213,263,7,0,1,0,631,17,0
C:\Users\jeffr\OneDrive\Desktop\termux-app-master\termux-shared\src\main\java\com\termux\shared\termux\shell\command\environment\TermuxShellCommandShellEnvironment.java,com.termux.shared.termux.shell.command.environment.TermuxShellCommandShellEnvironment,class,8,9,1,8,4,2,0,9,0,0.0,NaN,NaN,1,0,1,0,0,0,1,0,0,0,0,0,0,0,0,0,0,0,11,19,3,0,1,0,0,0,0,2,0,2,1,0,0,0,20,1,0
C:\Users\jeffr\OneDrive\Desktop\termux-app-master\app\src\main\java\com\termux\app\fragments\settings\termux_float\DebuggingPreferencesFragment.java,com.termux.app.fragments.settings.termux_float.DebuggingPreferencesDataStore,class,5,7,2,5,19,2,0,7,0,0.5555556,0.6,0.6,6,1,5,1,0,0,5,0,0,1,3,1,0,3,0,0,2,0,3,58,12,0,9,0,0,4,0,3,0,3,1,0,0,0,24,0,0
C:\Users\jeffr\OneDrive\Desktop\termux-app-master\termux-shared\src\main\java\com\termux\shared\shell\command\runner\app\AppShell.java,com.termux.shared.shell.command.runner.app.AppShell$Anonymous1,anonymous,1,1,0,1,2,1,0,1,0,0.0,NaN,NaN,1,0,1,0,0,0,1,0,0,0,0,0,0,0,0,0,0,0,0,9,0,0,0,1,0,0,0,0,0,0,1,0,0,0,10,-1,0
C:\Users\jeffr\OneDrive\Desktop\termux-app-master\termux-shared\src\main\java\com\termux\shared\android\SettingsProviderUtils.java,com.termux.shared.android.SettingsProviderUtils$SettingNamespace,enum,0,0,0,0,0,1,0,0,0,0.0,-1.0,-1.0,0,0,0,0,0,0,0,0,0,0,0,0,0,0,0,0,0,0,0,4,0,0,0,0,0,0,0,0,0,0,0,0,0,0,12,1,0
C:\Users\jeffr\OneDrive\Desktop\termux-app-master\terminal-emulator\src\test\java\com\termux\terminal\KeyHandlerTest.java,com.termux.terminal.KeyHandlerTest,class,3,4,1,3,8,2,0,13,6,0.0,0.0,0.0,4,2,2,2,0,0,2,0,0,0,0,0,0,0,0,0,0,0,234,140,2,1,1,0,0,161,34,3,0,3,2,0,0,0,27,1,0
C:\Users\jeffr\OneDrive\Desktop\termux-app-master\termux-shared\src\main\java\com\termux\shared\net\socket\local\LocalClientSocket.java,com.termux.shared.net.socket.local.LocalClientSocket$SocketInputStream,innerclass,4,4,0,4,9,2,0,3,3,0.6666667,0.0,0.0,3,0,3,0,0,0,3,0,0,0,1,0,0,1,0,0,1,0,0,36,5,0,6,0,0,1,9,7,0,7,1,0,0,0,26,4,0
C:\Users\jeffr\OneDrive\Desktop\termux-app-master\terminal-emulator\src\test\java\com\termux\terminal\UnicodeInputTest.java,com.termux.terminal.UnicodeInputTest,class,3,3,0,3,11,3,0,9,55,0.0,0.0,0.0,11,0,11,0,0,0,11,0,0,0,0,0,0,0,0,0,0,0,1,73,0,0,0,0,1,82,120,5,1,3,0,0,0,0,54,1,0
C:\Users\jeffr\OneDrive\Desktop\termux-app-master\terminal-view\src\main\java\com\termux\view\textselection\TextSelectionHandleView.java,com.termux.view.textselection.TextSelectionHandleView,class,14,17,3,14,58,2,0,55,61,0.8463159,0.1904762,0.74285716,19,0,15,4,0,0,15,0,0,0,25,2,2,21,0,2,8,0,3,270,14,0,13,0,4,2,33,84,30,60,3,0,0,0,104,1,0
C:\Users\jeffr\OneDrive\Desktop\termux-app-master\app\src\main\java\com\termux\app\fragments\settings\TermuxFloatPreferencesFragment.java,com.termux.app.fragments.settings.TermuxFloatPreferencesDataStore,class,4,6,2,4,3,2,0,1,1,0.5,NaN,NaN,2,1,1,1,0,0,1,0,0,1,3,1,0,3,0,0,2,0,1,15,1,0,1,0,0,0,0,3,0,3,1,0,0,0,14,0,0
C:\Users\jeffr\OneDrive\Desktop\termux-app-master\termux-shared\src\main\java\com\termux\shared\file\filesystem\FileType.java,com.termux.shared.file.filesystem.FileType,enum,0,5,5,0,3,1,0,0,0,0.33333334,0.6666667,1.0,3,0,2,0,0,1,3,0,0,0,2,0,0,2,0,0,2,0,0,13,2,0,0,0,0,9,9,2,0,2,0,0,0,0,35,1,0
C:\Users\jeffr\OneDrive\Desktop\termux-app-master\termux-shared\src\main\java\com\termux\shared\android\SettingsProviderUtils.java,com.termux.shared.android.SettingsProviderUtils,class,6,7,1,6,21,1,0,9,0,0.0,NaN,NaN,1,1,1,0,0,0,1,0,0,0,1,1,0,1,0,0,1,0,1,59,16,0,0,1,0,5,0,1,1,1,3,0,2,0,53,1,0
C:\Users\jeffr\OneDrive\Desktop\termux-app-master\termux-shared\src\main\java\com\termux\shared\shell\command\environment\ShellCommandShellEnvironment.java,com.termux.shared.shell.command.environment.ShellCommandShellEnvironment,class,5,7,2,5,2,1,1,5,0,0.5555556,NaN,NaN,1,0,1,0,0,0,1,0,0,0,9,9,9,0,0,0,9,0,6,21,2,0,1,0,0,9,0,11,8,11,1,0,0,0,49,1,0
C:\Users\jeffr\OneDrive\Desktop\termux-app-master\termux-shared\src\main\java\com\termux\shared\termux\TermuxConstants.java,com.termux.shared.termux.TermuxConstants$TERMUX_WIDGET,innerclass,0,0,0,0,0,1,0,0,0,NaN,-1.0,-1.0,0,0,0,0,0,0,0,0,0,0,2,2,2,0,0,0,2,0,0,9,0,0,0,0,0,2,0,2,2,2,0,0,1,0,27,25,0
C:\Users\jeffr\OneDrive\Desktop\termux-app-master\terminal-emulator\src\main\java\com\termux\terminal\TextStyle.java,com.termux.terminal.TextStyle,class,1,10,9,1,12,1,0,1,2,0.9375,0.33333334,0.5,4,4,3,0,0,1,4,0,0,0,16,16,13,2,0,1,16,0,1,53,6,0,4,0,19,0,52,21,18,17,1,0,0,0,109,17,0
C:\Users\jeffr\OneDrive\Desktop\termux-app-master\termux-shared\src\main\java\com\termux\shared\shell\command\runner\app\AppShell.java,com.termux.shared.shell.command.runner.app.AppShell,class,13,21,8,13,40,1,0,50,0,0.4375,0.7,1.0,8,2,5,3,0,0,5,0,0,0,4,1,0,4,0,0,4,0,26,161,12,0,11,5,2,31,4,26,13,16,3,1,1,0,160,17,0
C:\Users\jeffr\OneDrive\Desktop\termux-app-master\termux-shared\src\main\java\com\termux\shared\activity\ActivityErrno.java,com.termux.shared.activity.ActivityErrno,class,1,1,0,1,1,2,0,0,0,1.0,NaN,NaN,1,0,0,0,0,1,1,0,0,0,4,4,4,0,0,0,4,0,0,9,0,0,0,0,0,4,3,4,0,4,0,0,0,0,29,1,0
C:\Users\jeffr\OneDrive\Desktop\termux-app-master\termux-shared\src\main\java\com\termux\shared\net\socket\local\LocalSocketRunConfig.java,com.termux.shared.net.socket.local.LocalSocketRunConfig,class,6,13,7,6,31,1,0,15,154,0.8791208,0.13333334,0.23333333,21,2,21,0,0,0,21,0,0,0,13,4,4,8,1,0,8,0,18,105,17,0,7,0,0,54,10,18,1,15,1,0,0,0,207,1,0
C:\Users\jeffr\OneDrive\Desktop\termux-app-master\app\src\main\java\com\termux\app\terminal\io\TerminalToolbarViewPager.java,com.termux.app.terminal.io.TerminalToolbarViewPager,class,2,2,0,2,0,3,0,0,0,0.0,-1.0,-1.0,0,0,0,0,0,0,0,0,0,0,0,0,0,0,0,0,0,0,0,77,0,0,0,0,0,0,0,0,0,0,0,0,2,0,4,1,0
C:\Users\jeffr\OneDrive\Desktop\termux-app-master\termux-shared\src\main\java\com\termux\shared\termux\settings\properties\TermuxPropertyConstants.java,com.termux.shared.termux.settings.properties.TermuxPropertyConstants,class,2,2,0,2,0,1,0,4,0,NaN,-1.0,-1.0,0,0,0,0,0,0,0,0,0,0,98,98,97,1,0,0,98,0,5,100,0,0,0,0,0,47,20,98,0,98,0,0,0,0,218,17,0
C:\Users\jeffr\OneDrive\Desktop\termux-app-master\termux-shared\src\main\java\com\termux\shared\android\PermissionUtils.java,com.termux.shared.android.PermissionUtils,class,16,21,5,16,72,1,0,56,159,0.89772725,0.15584415,0.15584415,22,22,22,0,0,0,22,0,0,0,4,4,3,1,0,0,4,0,53,205,47,3,10,1,6,21,15,25,7,23,6,0,0,0,235,1,0
C:\Users\jeffr\OneDrive\Desktop\termux-app-master\app\src\main\java\com\termux\app\fragments\settings\termux\TerminalIOPreferencesFragment.java,com.termux.app.fragments.settings.termux.TerminalIOPreferencesDataStore,class,4,6,2,4,12,2,0,5,0,0.5833333,0.33333334,0.33333334,4,1,3,1,0,0,3,0,0,1,3,1,0,3,0,0,2,0,1,40,7,0,4,0,0,4,0,3,0,3,1,0,0,0,23,0,0
C:\Users\jeffr\OneDrive\Desktop\termux-app-master\termux-shared\src\main\java\com\termux\shared\file\filesystem\FileTime.java,com.termux.shared.file.filesystem.FileTime,class,2,4,2,2,8,1,0,10,1,0.5714286,0.4,0.4,7,3,6,1,0,0,6,0,0,0,3,0,0,3,0,0,2,0,5,36,7,0,0,1,0,3,0,3,0,4,1,0,0,0,84,17,0
C:\Users\jeffr\OneDrive\Desktop\termux-app-master\termux-shared\src\main\java\com\termux\shared\termux\TermuxConstants.java,com.termux.shared.termux.TermuxConstants$TERMUX_APP$TERMUX_SERVICE,innerclass,0,0,0,0,0,1,0,0,0,NaN,-1.0,-1.0,0,0,0,0,0,0,0,0,0,0,39,39,39,0,0,0,39,0,0,41,0,0,0,0,0,33,4,39,24,39,0,0,0,0,159,25,0
C:\Users\jeffr\OneDrive\Desktop\termux-app-master\termux-shared\src\main\java\com\termux\shared\termux\TermuxConstants.java,com.termux.shared.termux.TermuxConstants$TERMUX_TASKER,innerclass,0,0,0,0,0,1,0,0,0,NaN,-1.0,-1.0,0,0,0,0,0,0,0,0,0,0,1,1,1,0,0,0,1,0,0,3,0,0,0,0,0,1,0,1,1,1,0,0,0,0,20,25,0
C:\Users\jeffr\OneDrive\Desktop\termux-app-master\terminal-emulator\src\test\java\com\termux\terminal\TerminalRowTest.java,com.termux.terminal.TerminalRowTest,class,6,7,1,6,34,2,0,15,0,0.7777778,0.8308824,0.88235295,19,0,16,2,1,0,17,0,0,0,9,7,0,8,0,1,8,0,35,314,0,9,5,0,0,2,397,37,7,34,2,0,0,0,121,1,0
C:\Users\jeffr\OneDrive\Desktop\termux-app-master\termux-shared\src\main\java\com\termux\shared\termux\settings\preferences\TermuxPreferenceConstants.java,com.termux.shared.termux.settings.preferences.TermuxPreferenceConstants$TERMUX_WIDGET_APP,innerclass,0,0,0,0,0,1,0,0,0,NaN,-1.0,-1.0,0,0,0,0,0,0,0,0,0,0,2,2,2,0,0,0,2,0,0,4,0,0,0,0,0,2,0,2,0,2,0,0,0,0,26,25,0
C:\Users\jeffr\OneDrive\Desktop\termux-app-master\terminal-view\src\main\java\com\termux\view\TerminalView.java,com.termux.view.TerminalView$Anonymous1$Anonymous2,anonymous,2,2,0,2,5,1,0,7,0,0.0,NaN,NaN,1,0,1,0,0,0,1,0,0,0,1,0,0,1,0,0,0,0,0,16,2,0,1,0,2,0,1,5,2,4,1,0,0,0,18,-1,0
C:\Users\jeffr\OneDrive\Desktop\termux-app-master\termux-shared\src\main\java\com\termux\shared\shell\command\ShellCommandConstants.java,com.termux.shared.shell.command.ShellCommandConstants,class,0,0,0,0,0,1,0,0,0,0.0,-1.0,-1.0,0,0,0,0,0,0,0,0,0,0,0,0,0,0,0,0,0,0,0,13,0,0,0,0,0,0,0,0,0,0,0,0,1,0,3,1,0
C:\Users\jeffr\OneDrive\Desktop\termux-app-master\terminal-view\src\main\java\com\termux\view\GestureAndScaleRecognizer.java,com.termux.view.GestureAndScaleRecognizer$Listener,interface,1,1,0,1,8,1,0,0,28,0.0,0.0,0.0,8,0,0,0,0,8,8,0,0,0,0,0,0,0,0,0,0,0,0,10,0,0,0,0,0,0,0,0,0,0,0,0,0,0,20,1,0
C:\Users\jeffr\OneDrive\Desktop\termux-app-master\termux-shared\src\main\java\com\termux\shared\net\socket\local\LocalSocketManager.java,com.termux.shared.net.socket.local.LocalSocketManager,class,14,24,10,14,51,1,0,39,381,0.8793651,0.32923076,0.7784615,35,20,25,9,1,0,26,0,0,2,9,3,1,0,8,0,6,0,25,211,31,0,3,11,0,24,0,26,4,25,2,0,0,4,246,1,0
C:\Users\jeffr\OneDrive\Desktop\termux-app-master\termux-shared\src\main\java\com\termux\shared\termux\settings\preferences\TermuxPreferenceConstants.java,com.termux.shared.termux.settings.preferences.TermuxPreferenceConstants$TERMUX_APP,innerclass,0,0,0,0,0,1,0,0,0,NaN,-1.0,-1.0,0,0,0,0,0,0,0,0,0,0,25,25,25,0,0,0,25,0,0,27,0,0,0,0,0,14,3,25,0,25,0,0,0,0,105,25,0
C:\Users\jeffr\OneDrive\Desktop\termux-app-master\app\src\test\java\com\termux\app\api\file\FileReceiverActivityTest.java,com.termux.app.api.file.FileReceiverActivityTest,class,4,4,0,4,3,1,0,4,0,0.0,NaN,NaN,1,0,1,0,0,0,1,0,0,0,0,0,0,0,0,0,0,0,2,17,0,2,0,0,0,5,0,2,0,2,1,0,0,0,21,1,0
C:\Users\jeffr\OneDrive\Desktop\termux-app-master\termux-shared\src\main\java\com\termux\shared\shell\command\result\ResultConfig.java,com.termux.shared.shell.command.result.ResultConfig,class,5,9,4,5,43,1,0,13,3,0.7678571,0.0952381,0.14285715,7,2,7,0,0,0,7,0,0,0,16,0,16,0,0,0,0,0,22,77,10,0,23,0,0,71,0,4,0,20,2,0,0,0,94,1,0
C:\Users\jeffr\OneDrive\Desktop\termux-app-master\app\src\main\java\com\termux\app\fragments\settings\TermuxPreferencesFragment.java,com.termux.app.fragments.settings.TermuxPreferencesFragment,class,6,6,0,6,2,2,0,5,0,0.0,NaN,NaN,1,0,1,0,0,0,1,0,0,0,0,0,0,0,0,0,0,0,1,9,1,0,1,0,0,0,0,2,0,2,1,0,0,0,19,1,0
C:\Users\jeffr\OneDrive\Desktop\termux-app-master\termux-shared\src\main\java\com\termux\shared\net\socket\local\LocalSocketManagerClientBase.java,com.termux.shared.net.socket.local.LocalSocketManagerClientBase,class,8,11,3,8,5,1,2,8,10,0.0,0.0,0.0,5,0,4,0,1,0,5,1,0,0,0,0,0,0,0,0,0,0,6,17,1,0,0,0,0,2,0,0,0,0,0,0,0,0,25,1025,0
C:\Users\jeffr\OneDrive\Desktop\termux-app-master\termux-shared\src\main\java\com\termux\shared\termux\terminal\TermuxTerminalViewClientBase.java,com.termux.shared.termux.terminal.TermuxTerminalViewClientBase,class,5,6,1,5,24,1,1,7,276,0.0,0.0,0.0,24,0,24,0,0,0,24,0,0,0,0,0,0,0,0,0,0,0,7,70,13,0,0,0,0,0,1,0,0,0,0,0,0,0,64,1,0
C:\Users\jeffr\OneDrive\Desktop\termux-app-master\app\src\main\java\com\termux\app\TermuxOpenReceiver.java,com.termux.app.TermuxOpenReceiver$ContentProvider,innerclass,9,9,0,9,18,2,0,15,21,0.85714287,0.0,0.0,7,0,7,0,0,0,7,0,0,0,1,1,0,1,0,0,1,0,2,69,7,1,2,1,1,7,4,18,2,12,2,0,0,0,60,9,0
C:\Users\jeffr\OneDrive\Desktop\termux-app-master\termux-shared\src\main\java\com\termux\shared\net\socket\local\LocalClientSocket.java,com.termux.shared.net.socket.local.LocalClientSocket$MutableInt,innerclass,0,0,0,0,1,1,0,0,0,0.0,NaN,NaN,1,0,1,0,0,0,1,0,0,0,1,0,1,0,0,0,0,0,0,6,0,0,0,0,0,0,0,1,0,1,0,0,0,0,10,25,0
C:\Users\jeffr\OneDrive\Desktop\termux-app-master\terminal-emulator\src\main\java\com\termux\terminal\TerminalSessionClient.java,com.termux.terminal.TerminalSessionClient,interface,3,9,6,3,17,1,0,0,136,0.0,0.0,0.0,17,0,0,0,0,17,17,0,0,0,0,0,0,0,0,0,0,0,0,19,0,0,0,0,0,0,0,0,0,0,0,0,0,0,63,1,0
C:\Users\jeffr\OneDrive\Desktop\termux-app-master\app\src\main\java\com\termux\app\TermuxApplication.java,com.termux.app.TermuxApplication,class,15,16,1,15,7,2,0,21,1,0.5,0.0,0.0,2,1,2,0,0,0,2,0,0,0,1,1,0,1,0,0,1,0,17,38,2,0,3,0,0,5,0,8,2,7,2,0,0,0,38,1,0
C:\Users\jeffr\OneDrive\Desktop\termux-app-master\termux-shared\src\main\java\com\termux\shared\termux\TermuxConstants.java,com.termux.shared.termux.TermuxConstants$TERMUX_APP$TERMUX_ACTIVITY,innerclass,0,0,0,0,0,1,0,0,0,NaN,-1.0,-1.0,0,0,0,0,0,0,0,0,0,0,6,6,6,0,0,0,6,0,0,8,0,0,0,0,0,6,0,6,6,6,0,0,0,0,58,25,0
C:\Users\jeffr\OneDrive\Desktop\termux-app-master\app\src\main\java\com\termux\app\fragments\settings\TermuxPreferencesFragment.java,com.termux.app.fragments.settings.TermuxPreferencesDataStore,class,4,6,2,4,3,2,0,1,1,0.5,NaN,NaN,2,1,1,1,0,0,1,0,0,1,3,1,0,3,0,0,2,0,1,15,1,0,1,0,0,0,0,3,0,3,1,0,0,0,13,0,0
C:\Users\jeffr\OneDrive\Desktop\termux-app-master\termux-shared\src\main\java\com\termux\shared\models\ReportInfo.java,com.termux.shared.models.ReportInfo,class,3,8,5,3,11,1,0,6,26,0.8111111,0.055555556,0.083333336,9,1,9,0,0,0,9,0,0,0,10,0,10,0,0,0,4,0,4,53,2,0,1,0,0,12,0,12,0,11,1,0,0,0,71,1,0
C:\Users\jeffr\OneDrive\Desktop\termux-app-master\termux-shared\src\main\java\com\termux\shared\shell\command\runner\app\AppShell.java,com.termux.shared.shell.command.runner.app.AppShell$AppShellClient,interface,1,1,0,1,1,1,0,0,0,0.0,NaN,NaN,1,0,0,0,0,1,1,0,0,0,0,0,0,0,0,0,0,0,0,3,0,0,0,0,0,0,0,0,0,0,0,0,0,0,11,1,0
C:\Users\jeffr\OneDrive\Desktop\termux-app-master\app\src\main\java\com\termux\app\fragments\settings\termux\TerminalViewPreferencesFragment.java,com.termux.app.fragments.settings.termux.TerminalViewPreferencesFragment,class,6,6,0,6,2,2,0,5,0,0.0,NaN,NaN,1,0,1,0,0,0,1,0,0,0,0,0,0,0,0,0,0,0,1,9,1,0,1,0,0,0,0,2,0,2,1,0,0,0,20,1,0
C:\Users\jeffr\OneDrive\Desktop\termux-app-master\app\src\main\java\com\termux\app\fragments\settings\TermuxWidgetPreferencesFragment.java,com.termux.app.fragments.settings.TermuxWidgetPreferencesFragment,class,6,6,0,6,2,2,0,5,0,0.0,NaN,NaN,1,0,1,0,0,0,1,0,0,0,0,0,0,0,0,0,0,0,1,9,1,0,1,0,0,0,0,2,0,2,1,0,0,0,20,1,0
C:\Users\jeffr\OneDrive\Desktop\termux-app-master\app\src\main\java\com\termux\app\activities\SettingsActivity.java,com.termux.app.activities.SettingsActivity$RootPreferencesFragment,innerclass,12,12,0,12,17,2,0,15,21,0.0,NaN,NaN,7,0,1,6,0,0,1,0,0,0,0,0,0,0,0,0,0,0,6,91,4,0,13,0,0,6,0,13,0,15,3,2,0,2,46,9,0
C:\Users\jeffr\OneDrive\Desktop\termux-app-master\termux-shared\src\main\java\com\termux\shared\termux\extrakeys\ExtraKeysConstants.java,com.termux.shared.termux.extrakeys.ExtraKeysConstants$Anonymous12,anonymous,0,0,0,0,1,1,0,1,0,0.0,NaN,NaN,0,0,0,0,0,0,1,0,0,0,0,0,0,0,0,0,0,0,0,24,0,0,0,0,0,40,0,0,0,0,0,0,0,0,1,-1,0
C:\Users\jeffr\OneDrive\Desktop\termux-app-master\termux-shared\src\main\java\com\termux\shared\android\resource\ResourceUtils.java,com.termux.shared.android.resource.ResourceUtils,class,6,8,2,6,13,1,0,7,28,0.875,0.0,0.0,8,8,8,0,0,0,8,0,0,0,7,7,6,1,0,0,7,0,9,44,9,0,2,1,0,12,1,10,1,8,2,0,0,0,88,1,0
C:\Users\jeffr\OneDrive\Desktop\termux-app-master\termux-shared\src\main\java\com\termux\shared\net\uri\UriScheme.java,com.termux.shared.net.uri.UriScheme,class,0,0,0,0,0,1,0,0,0,NaN,-1.0,-1.0,0,0,0,0,0,0,0,0,0,0,5,5,5,0,0,0,5,0,0,7,0,0,0,0,0,5,0,5,0,5,0,0,0,0,34,1,0
C:\Users\jeffr\OneDrive\Desktop\termux-app-master\termux-shared\src\main\java\com\termux\shared\shell\command\ExecutionCommand.java,com.termux.shared.shell.command.ExecutionCommand$ExecutionState,enum,0,0,0,0,3,1,0,0,0,0.33333334,0.6666667,1.0,3,0,2,0,0,1,3,0,0,0,2,0,0,2,0,0,2,0,0,13,2,0,0,0,0,5,5,2,0,2,0,0,0,0,30,1,0
C:\Users\jeffr\OneDrive\Desktop\termux-app-master\termux-shared\src\main\java\com\termux\shared\termux\extrakeys\ExtraKeysView.java,com.termux.shared.termux.extrakeys.ExtraKeysView$IExtraKeysView,interface,3,3,0,3,2,1,0,0,1,0.0,0.0,0.0,2,0,0,0,0,2,2,0,0,0,0,0,0,0,0,0,0,0,0,4,0,0,0,0,0,0,0,0,0,0,0,0,0,0,64,1,0
C:\Users\jeffr\OneDrive\Desktop\termux-app-master\termux-shared\src\main\java\com\termux\shared\android\FeatureFlagUtils.java,com.termux.shared.android.FeatureFlagUtils,class,8,10,2,8,13,1,0,12,0,0.375,0.5,0.5,4,4,4,0,0,0,4,0,0,0,2,2,1,1,0,0,2,0,16,68,12,0,5,2,0,16,0,9,4,9,2,0,1,0,194,1,0
C:\Users\jeffr\OneDrive\Desktop\termux-app-master\termux-shared\src\main\java\com\termux\shared\interact\MessageDialogUtils.java,com.termux.shared.interact.MessageDialogUtils,class,9,14,5,9,11,1,0,18,3,0.0,0.0,0.0,3,3,3,0,0,0,3,0,0,0,0,0,0,0,0,0,0,0,2,34,0,0,8,0,0,1,1,9,0,9,2,0,0,2,55,1,0
C:\Users\jeffr\OneDrive\Desktop\termux-app-master\app\src\main\java\com\termux\app\fragments\settings\termux_tasker\DebuggingPreferencesFragment.java,com.termux.app.fragments.settings.termux_tasker.DebuggingPreferencesFragment,class,12,13,1,12,6,2,0,11,1,0.0,NaN,NaN,2,0,1,1,0,0,1,0,0,0,0,0,0,0,0,0,0,0,3,21,3,0,4,0,0,2,0,5,0,5,2,0,0,0,33,1,0
C:\Users\jeffr\OneDrive\Desktop\termux-app-master\termux-shared\src\main\java\com\termux\shared\termux\extrakeys\ExtraKeysView.java,com.termux.shared.termux.extrakeys.ExtraKeysView$SpecialButtonsLongHoldRunnable,innerclass,1,1,0,1,2,1,0,2,0,0.0,1.0,1.0,2,0,2,0,0,0,2,0,0,0,1,0,1,0,0,0,1,0,0,11,0,0,0,0,0,0,0,1,0,1,0,0,0,0,12,1,0
C:\Users\jeffr\OneDrive\Desktop\termux-app-master\termux-shared\src\main\java\com\termux\shared\theme\NightMode.java,com.termux.shared.theme.NightMode,enum,5,14,9,5,14,1,0,7,0,0.64285713,0.5714286,1.0,7,4,6,0,0,1,7,0,0,0,4,2,0,4,0,0,3,0,5,49,7,1,4,0,0,8,0,8,2,6,2,0,0,0,60,1,0
C:\Users\jeffr\OneDrive\Desktop\termux-app-master\termux-shared\src\main\java\com\termux\shared\shell\am\AmSocketServerErrno.java,com.termux.shared.shell.am.AmSocketServerErrno,class,1,1,0,1,1,2,0,0,0,1.0,NaN,NaN,1,0,0,0,0,1,1,0,0,0,3,3,3,0,0,0,3,0,0,8,0,0,0,0,0,3,2,3,0,3,0,0,0,0,28,1,0
C:\Users\jeffr\OneDrive\Desktop\termux-app-master\termux-shared\src\main\java\com\termux\shared\net\url\UrlUtils.java,com.termux.shared.net.url.UrlUtils$UrlPart,enum,0,0,0,0,0,1,0,0,0,0.0,-1.0,-1.0,0,0,0,0,0,0,0,0,0,0,0,0,0,0,0,0,0,0,0,1,0,0,0,0,0,0,0,0,0,0,0,0,0,0,17,1,0
C:\Users\jeffr\OneDrive\Desktop\termux-app-master\termux-shared\src\main\java\com\termux\shared\shell\command\ExecutionCommand.java,com.termux.shared.shell.command.ExecutionCommand$Runner,enum,3,3,0,3,9,1,0,3,0,0.0,1.0,1.0,5,2,4,0,0,1,5,0,0,0,1,0,0,1,0,0,1,0,2,25,5,1,2,0,0,2,0,2,0,2,2,0,0,0,33,1,0
C:\Users\jeffr\OneDrive\Desktop\termux-app-master\app\src\test\java\com\termux\app\TermuxActivityTest.java,com.termux.app.TermuxActivityTest,class,3,4,1,3,2,1,0,4,1,0.0,NaN,NaN,2,0,1,1,0,0,1,0,0,0,0,0,0,0,0,0,0,0,2,13,0,0,0,0,0,12,0,1,0,1,0,0,0,0,15,1,0
C:\Users\jeffr\OneDrive\Desktop\termux-app-master\termux-shared\src\main\java\com\termux\shared\shell\command\ExecutionCommand.java,com.termux.shared.shell.command.ExecutionCommand,class,13,30,17,13,100,1,0,55,891,0.9388083,0.030917874,0.07922705,46,6,46,0,0,0,46,0,0,13,27,1,24,3,0,0,3,0,45,352,56,2,33,0,3,152,10,26,21,35,2,0,3,0,235,1,0
C:\Users\jeffr\OneDrive\Desktop\termux-app-master\termux-shared\src\main\java\com\termux\shared\file\FileUtils.java,com.termux.shared.file.FileUtils$ReadSerializableObjectResult,innerclass,1,1,0,1,1,1,0,0,0,0.0,NaN,NaN,1,0,0,0,0,1,1,0,0,0,2,0,2,0,0,0,2,0,0,8,0,0,0,0,0,0,0,2,0,2,0,0,0,0,7,9,0
C:\Users\jeffr\OneDrive\Desktop\termux-app-master\termux-shared\src\main\java\com\termux\shared\activities\TextIOActivity.java,com.termux.shared.activities.TextIOActivity,class,26,28,2,26,35,2,0,74,14,0.78321683,0.1904762,0.47619048,13,1,5,6,2,0,7,0,0,0,11,3,1,10,0,0,3,0,8,177,6,0,16,0,0,9,1,28,1,24,2,1,0,0,120,1,0
C:\Users\jeffr\OneDrive\Desktop\termux-app-master\termux-shared\src\main\java\com\termux\shared\termux\shell\command\runner\terminal\TermuxSession.java,com.termux.shared.termux.shell.command.runner.terminal.TermuxSession,class,13,20,7,13,39,1,0,34,0,0.4857143,0.7,1.0,7,2,5,2,0,0,5,0,0,0,5,1,0,5,0,0,5,0,19,117,10,1,12,0,1,25,9,31,11,16,4,0,1,0,156,1,0
C:\Users\jeffr\OneDrive\Desktop\termux-app-master\terminal-emulator\src\main\java\com\termux\terminal\TerminalColors.java,com.termux.terminal.TerminalColors,class,3,8,5,3,11,1,0,14,9,0.5833334,0.2,0.2,6,2,5,0,0,1,6,0,0,0,2,1,2,0,0,0,2,0,11,53,5,0,3,1,4,1,32,21,23,15,2,0,0,0,109,17,0
C:\Users\jeffr\OneDrive\Desktop\termux-app-master\app\src\main\java\com\termux\app\terminal\TermuxTerminalViewClient.java,com.termux.app.terminal.TermuxTerminalViewClient$Anonymous1,anonymous,6,6,0,6,5,1,0,6,0,0.0,NaN,NaN,1,0,1,0,0,0,1,0,0,0,0,0,0,0,0,0,0,0,3,18,1,0,1,0,0,2,0,4,0,2,2,0,0,0,23,-1,0
C:\Users\jeffr\OneDrive\Desktop\termux-app-master\termux-shared\src\main\java\com\termux\shared\android\AndroidUtils.java,com.termux.shared.android.AndroidUtils,class,12,21,9,12,39,1,0,65,91,0.0,0.0,0.0,14,14,14,0,0,0,14,0,0,0,0,0,0,0,0,0,0,0,77,144,17,1,10,2,4,77,3,23,5,23,4,0,0,0,115,1,0
C:\Users\jeffr\OneDrive\Desktop\termux-app-master\app\src\main\java\com\termux\app\terminal\TermuxTerminalViewClient.java,com.termux.app.terminal.TermuxTerminalViewClient$Anonymous2,anonymous,8,8,0,8,6,1,0,17,0,0.0,NaN,NaN,1,0,1,0,0,0,1,0,0,0,0,0,0,0,0,0,0,0,10,30,0,0,2,0,0,13,0,6,4,6,2,0,0,0,18,-1,0
C:\Users\jeffr\OneDrive\Desktop\termux-app-master\termux-shared\src\main\java\com\termux\shared\android\FeatureFlagUtils.java,com.termux.shared.android.FeatureFlagUtils$FeatureFlagValue,enum,0,0,0,0,2,1,0,0,0,0.0,1.0,1.0,2,0,1,0,0,1,2,0,0,0,1,0,0,1,0,0,1,0,0,12,1,0,0,0,0,4,0,1,0,1,0,0,0,0,34,1,0
C:\Users\jeffr\OneDrive\Desktop\termux-app-master\termux-shared\src\main\java\com\termux\shared\termux\extrakeys\ExtraKeyButton.java,com.termux.shared.termux.extrakeys.ExtraKeyButton,class,7,12,5,7,15,1,0,10,8,0.78125,0.35714287,1.0,8,1,8,0,0,0,8,0,0,0,8,4,4,4,0,0,8,0,3,67,7,1,5,1,0,11,1,17,1,14,1,0,0,1,106,1,0
C:\Users\jeffr\OneDrive\Desktop\termux-app-master\termux-shared\src\main\java\com\termux\shared\android\SettingsProviderUtils.java,com.termux.shared.android.SettingsProviderUtils$SettingType,enum,0,0,0,0,0,1,0,0,0,0.0,-1.0,-1.0,0,0,0,0,0,0,0,0,0,0,0,0,0,0,0,0,0,0,0,1,0,0,0,0,0,0,0,0,0,0,0,0,0,0,11,1,0
C:\Users\jeffr\OneDrive\Desktop\termux-app-master\terminal-emulator\src\main\java\com\termux\terminal\TerminalRow.java,com.termux.terminal.TerminalRow,class,4,10,6,4,58,1,0,16,0,0.61904764,0.64285713,1.0,9,0,7,1,0,1,8,0,1,0,7,1,1,3,0,3,3,0,29,190,11,5,14,0,6,4,44,69,32,47,6,0,0,0,149,17,0
C:\Users\jeffr\OneDrive\Desktop\termux-app-master\termux-shared\src\main\java\com\termux\shared\shell\command\environment\UnixShellEnvironment.java,com.termux.shared.shell.command.environment.UnixShellEnvironment,class,6,7,1,6,5,1,1,1,10,1.0,0.0,0.0,5,0,5,0,0,0,5,4,0,0,9,9,9,0,0,0,9,0,1,18,1,0,0,0,0,13,0,9,0,9,0,0,0,0,136,1025,0
C:\Users\jeffr\OneDrive\Desktop\termux-app-master\termux-shared\src\main\java\com\termux\shared\termux\shell\command\environment\TermuxAPIShellEnvironment.java,com.termux.shared.termux.shell.command.environment.TermuxAPIShellEnvironment,class,7,8,1,7,3,1,0,4,0,0.5,NaN,NaN,1,1,1,0,0,0,1,0,0,0,2,2,2,0,0,0,2,0,4,13,3,0,2,0,0,2,0,5,2,5,1,0,0,0,33,1,0
C:\Users\jeffr\OneDrive\Desktop\termux-app-master\termux-shared\src\main\java\com\termux\shared\settings\properties\SharedProperties.java,com.termux.shared.settings.properties.SharedProperties,class,11,13,2,11,81,1,0,49,308,0.86428565,0.09259259,0.17724867,28,22,28,0,0,0,28,0,0,0,10,3,2,8,0,0,8,0,41,243,45,3,32,2,4,56,3,34,14,26,3,0,0,0,284,1,0
C:\Users\jeffr\OneDrive\Desktop\termux-app-master\terminal-emulator\src\main\java\com\termux\terminal\TerminalSession.java,com.termux.terminal.TerminalSession,class,11,28,17,11,42,3,0,36,49,0.8899522,0.42380953,0.9047619,22,1,19,1,1,1,21,0,0,2,19,3,2,10,0,7,13,0,10,238,9,0,4,4,23,15,42,41,11,27,2,3,1,0,252,17,0
C:\Users\jeffr\OneDrive\Desktop\termux-app-master\terminal-emulator\src\test\java\com\termux\terminal\TerminalTestCase.java,com.termux.terminal.TerminalTestCase$ChangedTitle,innerclass,1,1,0,1,5,1,0,2,0,0.0,1.0,1.0,4,0,4,0,0,0,4,0,0,0,2,0,0,0,0,2,2,0,3,19,4,0,0,0,1,3,0,3,1,3,1,0,0,0,13,25,0
C:\Users\jeffr\OneDrive\Desktop\termux-app-master\terminal-emulator\src\test\java\com\termux\terminal\TerminalTestCase.java,com.termux.terminal.TerminalTestCase$MockTerminalOutput,innerclass,3,3,0,3,7,2,0,5,19,0.82857144,0.04761905,0.04761905,7,0,7,0,0,0,7,0,0,0,5,0,4,0,0,1,3,0,0,29,1,0,0,0,0,0,2,6,0,6,0,0,0,0,33,9,0
C:\Users\jeffr\OneDrive\Desktop\termux-app-master\termux-shared\src\main\java\com\termux\shared\file\filesystem\FileAttributes.java,com.termux.shared.file.filesystem.FileAttributes,class,10,13,3,10,101,1,0,46,1116,0.9441392,0.085884355,0.4243197,52,4,49,3,0,0,49,0,0,0,21,0,0,21,0,0,0,0,14,274,53,0,26,0,29,45,15,36,18,29,3,0,0,0,89,1,0
C:\Users\jeffr\OneDrive\Desktop\termux-app-master\terminal-view\src\main\java\com\termux\view\textselection\TextSelectionCursorController.java,com.termux.view.textselection.TextSelectionCursorController,class,10,13,3,10,62,1,0,30,38,0.78151256,0.40833333,0.7583333,17,0,16,1,0,0,16,0,0,0,10,0,0,10,0,0,6,0,8,277,14,3,9,0,0,3,41,69,17,29,4,2,0,0,115,1,0
C:\Users\jeffr\OneDrive\Desktop\termux-app-master\termux-shared\src\main\java\com\termux\shared\termux\extrakeys\SpecialButtonState.java,com.termux.shared.termux.extrakeys.SpecialButtonState,class,2,5,3,2,6,1,0,3,4,0.7,0.16666667,0.16666667,4,0,4,0,0,0,4,0,0,0,5,0,0,0,0,5,0,0,0,22,0,1,0,0,0,0,0,8,0,5,1,0,0,0,50,1,0
C:\Users\jeffr\OneDrive\Desktop\termux-app-master\termux-shared\src\main\java\com\termux\shared\android\SELinuxUtils.java,com.termux.shared.android.SELinuxUtils,class,5,7,2,5,9,1,0,8,0,0.0,1.0,1.0,3,3,3,0,0,0,3,0,0,0,2,2,1,1,0,0,2,0,18,55,9,0,3,3,0,26,0,11,6,11,2,0,0,0,52,1,0
C:\Users\jeffr\OneDrive\Desktop\termux-app-master\termux-shared\src\main\java\com\termux\shared\termux\shell\command\environment\TermuxAppShellEnvironment.java,com.termux.shared.termux.shell.command.environment.TermuxAppShellEnvironment,class,14,17,3,14,16,1,0,35,0,0.72727275,0.5,0.5,4,4,4,0,0,0,4,0,0,2,22,22,22,0,0,0,21,0,48,76,5,0,8,0,1,24,0,32,22,31,2,0,0,0,89,1,0
C:\Users\jeffr\OneDrive\Desktop\termux-app-master\terminal-emulator\src\test\java\com\termux\terminal\WcWidthTest.java,com.termux.terminal.WcWidthTest,class,3,4,1,3,11,2,0,3,45,0.0,0.0,0.0,10,1,9,1,0,0,9,0,0,0,0,0,0,0,0,0,0,0,13,38,0,1,0,0,0,0,25,2,0,2,1,0,0,0,27,1,0
C:\Users\jeffr\OneDrive\Desktop\termux-app-master\terminal-emulator\src\test\java\com\termux\terminal\TerminalTestCase.java,com.termux.terminal.TerminalTestCase$LineWrapper,innerclass,2,2,0,2,4,1,0,1,0,0.0,1.0,1.0,3,0,3,0,0,0,3,0,0,0,1,0,0,0,0,1,1,0,1,12,2,0,1,0,1,0,0,1,0,1,0,0,0,0,11,26,0
C:\Users\jeffr\OneDrive\Desktop\termux-app-master\termux-shared\src\main\java\com\termux\shared\termux\shell\am\TermuxAmSocketServer.java,com.termux.shared.termux.shell.am.TermuxAmSocketServer$TermuxAmSocketServerClient,innerclass,8,8,0,8,5,3,0,7,6,0.75,0.0,0.0,4,0,3,0,1,0,4,0,0,0,1,1,1,0,0,0,1,0,3,19,2,0,0,0,0,1,0,1,0,1,1,0,0,0,28,9,0
C:\Users\jeffr\OneDrive\Desktop\termux-app-master\app\src\main\java\com\termux\app\terminal\TermuxSessionsListViewController.java,com.termux.app.terminal.TermuxSessionsListViewController,class,18,19,1,18,14,2,0,28,0,0.5,1.0,1.0,4,0,4,0,0,0,4,0,0,0,3,0,0,0,0,3,3,0,2,57,3,0,3,0,5,8,3,21,6,20,1,0,0,0,52,1,0
C:\Users\jeffr\OneDrive\Desktop\termux-app-master\termux-shared\src\main\java\com\termux\shared\net\socket\local\LocalServerSocket.java,com.termux.shared.net.socket.local.LocalServerSocket$ClientSocketListener,innerclass,7,7,0,7,9,1,0,13,0,0.0,NaN,NaN,1,0,1,0,0,0,1,0,0,0,0,0,0,0,0,0,0,0,3,43,0,1,4,3,0,2,0,5,0,2,4,0,0,0,20,4,0
C:\Users\jeffr\OneDrive\Desktop\termux-app-master\terminal-view\src\main\java\com\termux\view\textselection\CursorController.java,com.termux.view.textselection.CursorController,interface,3,5,2,3,7,1,0,0,21,0.0,0.0,0.0,7,0,0,0,0,7,7,0,0,0,0,0,0,0,0,0,0,0,0,9,0,0,0,0,0,0,0,0,0,0,0,0,0,0,84,1,0
C:\Users\jeffr\OneDrive\Desktop\termux-app-master\app\src\main\java\com\termux\app\terminal\TermuxActivityRootView.java,com.termux.app.terminal.TermuxActivityRootView$WindowInsetsListener,innerclass,3,3,0,3,1,1,0,4,0,0.0,NaN,NaN,1,0,1,0,0,0,1,0,0,0,0,0,0,0,0,0,0,0,0,6,1,0,0,0,0,0,0,1,0,0,0,0,0,0,11,9,0
C:\Users\jeffr\OneDrive\Desktop\termux-app-master\app\src\main\java\com\termux\app\fragments\settings\TermuxTaskerPreferencesFragment.java,com.termux.app.fragments.settings.TermuxTaskerPreferencesFragment,class,6,6,0,6,2,2,0,5,0,0.0,NaN,NaN,1,0,1,0,0,0,1,0,0,0,0,0,0,0,0,0,0,0,1,9,1,0,1,0,0,0,0,2,0,2,1,0,0,0,20,1,0
C:\Users\jeffr\OneDrive\Desktop\termux-app-master\terminal-emulator\src\main\java\com\termux\terminal\Logger.java,com.termux.terminal.Logger,class,2,5,3,2,20,1,0,18,28,0.0,0.0,0.0,8,8,8,0,0,0,8,0,0,0,0,0,0,0,0,0,0,0,4,47,6,0,11,1,0,1,0,4,1,3,3,0,0,0,31,1,0
C:\Users\jeffr\OneDrive\Desktop\termux-app-master\termux-shared\src\main\java\com\termux\shared\termux\settings\preferences\TermuxAppSharedPreferences.java,com.termux.shared.termux.settings.preferences.TermuxAppSharedPreferences,class,11,28,17,11,45,1,0,29,0,0.84169877,0.6791444,0.77540106,37,5,34,3,0,0,34,0,0,4,7,1,0,7,0,0,4,0,42,148,26,0,5,0,2,1,16,22,4,16,1,0,0,0,118,1,0
C:\Users\jeffr\OneDrive\Desktop\termux-app-master\app\src\main\java\com\termux\app\TermuxInstaller.java,com.termux.app.TermuxInstaller$Anonymous1,anonymous,8,8,0,8,23,1,0,30,0,0.0,NaN,NaN,1,0,1,0,0,0,1,0,0,0,0,0,0,0,0,0,0,0,27,96,6,4,10,4,3,18,8,21,4,16,7,0,0,1,67,-1,0
C:\Users\jeffr\OneDrive\Desktop\termux-app-master\app\src\main\java\com\termux\app\TermuxInstaller.java,com.termux.app.TermuxInstaller$Anonymous2,anonymous,4,4,0,4,12,1,0,19,0,0.0,NaN,NaN,1,0,1,0,0,0,1,0,0,0,0,0,0,0,0,0,0,0,14,62,1,2,5,1,0,27,4,19,8,18,4,0,0,0,33,-1,0
C:\Users\jeffr\OneDrive\Desktop\termux-app-master\termux-shared\src\main\java\com\termux\shared\settings\properties\SharedPropertiesParser.java,com.termux.shared.settings.properties.SharedPropertiesParser,interface,2,5,3,2,2,1,0,0,1,0.0,0.0,0.0,2,0,0,0,0,2,2,0,0,0,0,0,0,0,0,0,0,0,0,4,0,0,0,0,0,0,0,0,0,0,0,0,0,0,60,1,0
C:\Users\jeffr\OneDrive\Desktop\termux-app-master\terminal-emulator\src\main\java\com\termux\terminal\ByteQueue.java,com.termux.terminal.ByteQueue,class,1,6,5,1,24,1,0,4,0,0.375,0.8333333,1.0,4,0,4,0,0,0,4,0,0,2,4,0,0,4,0,0,1,0,6,88,5,5,4,2,0,2,12,28,7,17,4,0,0,0,59,16,0
C:\Users\jeffr\OneDrive\Desktop\termux-app-master\termux-shared\src\main\java\com\termux\shared\reflection\ReflectionUtils.java,com.termux.shared.reflection.ReflectionUtils$FieldInvokeResult,innerclass,0,0,0,0,1,1,0,0,0,0.0,NaN,NaN,1,0,0,0,0,1,1,0,0,0,2,0,2,0,0,0,0,0,0,8,0,0,0,0,0,0,0,2,0,2,0,0,0,0,13,9,0
C:\Users\jeffr\OneDrive\Desktop\termux-app-master\termux-shared\src\main\java\com\termux\shared\termux\TermuxConstants.java,com.termux.shared.termux.TermuxConstants$TERMUX_APP$RUN_COMMAND_SERVICE,innerclass,0,0,0,0,0,1,0,0,0,NaN,-1.0,-1.0,0,0,0,0,0,0,0,0,0,0,24,24,24,0,0,0,24,0,0,26,0,0,0,0,0,24,0,24,24,24,0,0,0,0,108,25,0
C:\Users\jeffr\OneDrive\Desktop\termux-app-master\terminal-emulator\src\main\java\com\termux\terminal\KeyHandler.java,com.termux.terminal.KeyHandler,class,1,6,5,1,142,1,0,4,0,0.2,0.33333334,0.33333334,3,3,1,1,0,1,3,0,0,0,5,5,4,1,0,0,5,0,45,272,65,0,27,0,45,159,38,26,4,11,2,0,0,0,68,17,0
C:\Users\jeffr\OneDrive\Desktop\termux-app-master\termux-shared\src\main\java\com\termux\shared\termux\extrakeys\ExtraKeysConstants.java,com.termux.shared.termux.extrakeys.ExtraKeysConstants,class,2,2,0,2,0,6,0,1,0,NaN,-1.0,-1.0,0,0,0,0,0,0,0,0,0,0,3,3,3,0,0,0,1,0,1,158,0,0,0,0,0,6,0,3,0,3,0,2,3,0,39,1,0
C:\Users\jeffr\OneDrive\Desktop\termux-app-master\terminal-emulator\src\main\java\com\termux\terminal\TerminalOutput.java,com.termux.terminal.TerminalOutput,class,2,10,8,2,8,1,3,2,21,0.0,0.0,0.0,7,0,7,0,0,0,7,6,1,0,0,0,0,0,0,0,0,0,0,13,1,0,1,0,0,0,1,1,0,1,1,0,0,0,57,1025,0
C:\Users\jeffr\OneDrive\Desktop\termux-app-master\terminal-emulator\src\test\java\com\termux\terminal\DeviceControlStringTest.java,com.termux.terminal.DeviceControlStringTest,class,2,3,1,2,7,3,0,12,10,0.0,0.0,0.0,5,1,3,2,0,0,3,0,0,0,0,0,0,0,0,0,0,0,4,31,1,2,0,0,0,25,11,4,2,4,1,0,0,0,37,1,0
C:\Users\jeffr\OneDrive\Desktop\termux-app-master\app\src\main\java\com\termux\app\terminal\TermuxTerminalSessionServiceClient.java,com.termux.app.terminal.TermuxTerminalSessionServiceClient,class,5,6,1,5,3,2,0,2,0,0.5,1.0,1.0,2,0,2,0,0,0,2,0,0,0,2,1,0,2,0,0,2,0,0,11,0,0,1,0,0,1,0,4,0,3,1,0,0,0,28,1,0
C:\Users\jeffr\OneDrive\Desktop\termux-app-master\termux-shared\src\main\java\com\termux\shared\termux\settings\preferences\TermuxWidgetAppSharedPreferences.java,com.termux.shared.termux.settings.preferences.TermuxWidgetAppSharedPreferences,class,9,14,5,9,16,1,0,15,24,0.8055556,0.2,0.2,9,5,6,3,0,0,6,0,0,0,4,1,0,4,0,0,4,0,14,50,13,0,6,0,0,1,0,10,0,8,1,0,0,0,63,1,0
C:\Users\jeffr\OneDrive\Desktop\termux-app-master\termux-shared\src\main\java\com\termux\shared\termux\extrakeys\ExtraKeysInfo.java,com.termux.shared.termux.extrakeys.ExtraKeysInfo,class,7,11,4,7,17,1,0,8,9,0.5,0.5,0.5,6,2,4,2,0,0,4,0,0,0,1,0,0,1,0,0,1,0,3,70,8,4,0,0,0,5,4,22,0,15,3,0,0,0,177,1,0
C:\Users\jeffr\OneDrive\Desktop\termux-app-master\termux-shared\src\main\java\com\termux\shared\termux\crash\TermuxCrashUtils.java,com.termux.shared.termux.crash.TermuxCrashUtils$Anonymous1,anonymous,1,1,0,1,1,1,0,1,0,0.0,NaN,NaN,1,0,1,0,0,0,1,0,0,0,0,0,0,0,0,0,0,0,1,5,0,0,0,0,0,0,0,0,0,0,0,0,0,0,8,-1,0
C:\Users\jeffr\OneDrive\Desktop\termux-app-master\termux-shared\src\main\java\com\termux\shared\termux\TermuxBootstrap.java,com.termux.shared.termux.TermuxBootstrap,class,8,12,4,8,11,1,0,12,0,0.5,0.6666667,1.0,6,6,6,0,0,0,6,0,0,0,4,4,3,1,0,0,2,0,9,90,5,0,4,1,1,15,2,7,5,7,1,0,2,0,107,1,0
C:\Users\jeffr\OneDrive\Desktop\termux-app-master\termux-shared\src\main\java\com\termux\shared\file\FileUtilsErrno.java,com.termux.shared.file.FileUtilsErrno$Anonymous1,anonymous,0,0,0,0,1,1,0,1,0,0.0,NaN,NaN,0,0,0,0,0,0,1,0,0,0,0,0,0,0,0,0,0,0,0,11,0,0,0,0,0,0,0,0,0,0,0,0,0,0,1,-1,0
C:\Users\jeffr\OneDrive\Desktop\termux-app-master\app\src\main\java\com\termux\app\RunCommandService.java,com.termux.app.RunCommandService$LocalBinder,innerclass,2,2,0,2,0,2,0,0,0,NaN,-1.0,-1.0,0,0,0,0,0,0,0,0,0,0,1,0,1,0,0,0,1,0,0,3,0,0,0,0,0,0,0,1,0,1,0,0,0,0,6,0,0
C:\Users\jeffr\OneDrive\Desktop\termux-app-master\termux-shared\src\main\java\com\termux\shared\file\filesystem\FileKey.java,com.termux.shared.file.filesystem.FileKey,class,1,3,2,1,8,1,0,5,0,0.0,1.0,1.0,4,0,3,0,0,1,4,0,0,0,2,0,0,2,0,0,2,0,1,22,5,0,3,0,7,2,2,4,3,4,1,0,0,0,32,1,0
C:\Users\jeffr\OneDrive\Desktop\termux-app-master\terminal-view\src\main\java\com\termux\view\textselection\TextSelectionCursorController.java,com.termux.view.textselection.TextSelectionCursorController$Anonymous1,anonymous,8,8,0,8,8,1,0,14,6,0.0,0.0,0.0,4,0,4,0,0,0,4,0,0,0,0,0,0,0,0,0,0,0,0,36,4,0,0,0,0,0,0,3,0,3,1,0,0,0,22,-1,0
C:\Users\jeffr\OneDrive\Desktop\termux-app-master\termux-shared\src\main\java\com\termux\shared\shell\ArgumentTokenizer.java,com.termux.shared.shell.ArgumentTokenizer,class,1,3,2,1,31,1,0,14,3,0.6666667,0.0,0.0,3,3,2,0,1,0,3,0,0,0,4,4,0,4,0,0,4,0,3,124,3,3,14,0,2,9,8,26,3,16,5,0,0,0,107,1025,0
C:\Users\jeffr\OneDrive\Desktop\termux-app-master\terminal-view\src\main\java\com\termux\view\GestureAndScaleRecognizer.java,com.termux.view.GestureAndScaleRecognizer,class,5,7,2,5,6,1,0,6,0,0.33333334,1.0,1.0,3,0,3,0,0,0,3,0,0,0,4,0,0,2,0,2,3,0,0,74,1,0,0,0,0,0,0,4,0,4,2,3,1,0,25,16,0
C:\Users\jeffr\OneDrive\Desktop\termux-app-master\terminal-view\src\main\java\com\termux\view\textselection\TextSelectionCursorController.java,com.termux.view.textselection.TextSelectionCursorController$Anonymous2,anonymous,7,7,0,7,8,1,0,8,10,0.0,0.0,0.0,5,0,5,0,0,0,5,0,0,0,0,0,0,0,0,0,0,0,4,30,3,0,0,0,2,0,2,12,9,8,1,0,0,0,35,-1,0
C:\Users\jeffr\OneDrive\Desktop\termux-app-master\terminal-emulator\src\test\java\com\termux\terminal\ResizeTest.java,com.termux.terminal.ResizeTest,class,3,3,0,3,23,3,0,21,78,0.0,0.0,0.0,13,0,13,0,0,0,13,0,0,0,0,0,0,0,0,0,0,0,8,161,0,8,0,0,0,242,145,34,13,34,2,0,0,0,63,1,0
C:\Users\jeffr\OneDrive\Desktop\termux-app-master\termux-shared\src\main\java\com\termux\shared\data\DataUtils.java,com.termux.shared.data.DataUtils,class,7,35,28,7,49,1,0,22,120,0.96875,0.0,0.0,16,16,16,0,0,0,16,0,0,0,2,2,1,1,0,0,2,0,10,107,29,2,16,3,3,5,20,19,11,11,3,0,0,0,151,1,0
C:\Users\jeffr\OneDrive\Desktop\termux-app-master\terminal-emulator\src\test\java\com\termux\terminal\TerminalTestCase.java,com.termux.terminal.TerminalTestCase,class,16,29,13,16,62,3,12,37,0,0.55,0.5497076,0.7017544,20,1,12,1,7,0,19,0,0,0,2,0,2,0,0,0,0,0,17,225,15,11,18,1,20,60,31,44,18,41,3,0,4,0,142,1025,0
C:\Users\jeffr\OneDrive\Desktop\termux-app-master\termux-shared\src\main\java\com\termux\shared\termux\TermuxBootstrap.java,com.termux.shared.termux.TermuxBootstrap$PackageManager,enum,2,2,0,2,9,1,0,3,0,0.0,1.0,1.0,4,1,3,0,0,1,4,0,0,0,1,0,0,1,0,0,1,0,1,21,5,1,2,0,0,1,0,1,0,1,2,0,0,0,23,1,0
C:\Users\jeffr\OneDrive\Desktop\termux-app-master\termux-shared\src\main\java\com\termux\shared\termux\extrakeys\ExtraKeysView.java,com.termux.shared.termux.extrakeys.ExtraKeysView,class,20,25,5,20,90,2,0,88,429,0.93047607,0.1394958,0.7411765,35,1,34,0,0,1,35,0,0,0,30,14,14,0,16,0,14,0,14,352,33,4,26,0,1,2,46,64,2,48,7,1,2,3,294,17,0
C:\Users\jeffr\OneDrive\Desktop\termux-app-master\termux-shared\src\main\java\com\termux\shared\shell\command\environment\IShellEnvironment.java,com.termux.shared.shell.command.environment.IShellEnvironment,interface,4,7,3,4,4,1,0,0,6,0.0,0.0,0.0,4,0,0,0,0,4,4,0,0,0,0,0,0,0,0,0,0,0,0,6,0,0,0,0,0,0,0,0,0,0,0,0,0,0,46,1,0
C:\Users\jeffr\OneDrive\Desktop\termux-app-master\termux-shared\src\main\java\com\termux\shared\termux\shell\am\TermuxAmSocketServer.java,com.termux.shared.termux.shell.am.TermuxAmSocketServer,class,17,21,4,17,16,3,0,16,0,0.5357143,0.61904764,1.0,7,7,7,0,0,0,7,0,0,5,4,4,2,1,1,0,2,0,15,85,3,0,5,0,0,12,0,11,6,9,2,0,1,0,179,1,0
C:\Users\jeffr\OneDrive\Desktop\termux-app-master\termux-shared\src\main\java\com\termux\shared\android\ProcessUtils.java,com.termux.shared.android.ProcessUtils,class,6,7,1,6,7,1,0,3,0,0.0,NaN,NaN,1,1,1,0,0,0,1,0,0,0,1,1,1,0,0,0,1,0,1,23,5,1,3,1,0,2,1,3,1,3,3,0,0,0,77,1,0
C:\Users\jeffr\OneDrive\Desktop\termux-app-master\termux-shared\src\main\java\com\termux\shared\termux\settings\preferences\TermuxPreferenceConstants.java,com.termux.shared.termux.settings.preferences.TermuxPreferenceConstants$TERMUX_FLOAT_APP,innerclass,0,0,0,0,0,1,0,0,0,NaN,-1.0,-1.0,0,0,0,0,0,0,0,0,0,0,8,8,8,0,0,0,8,0,0,10,0,0,0,0,0,7,0,8,0,8,0,0,0,0,47,25,0
C:\Users\jeffr\OneDrive\Desktop\termux-app-master\termux-shared\src\main\java\com\termux\shared\termux\settings\preferences\TermuxPreferenceConstants.java,com.termux.shared.termux.settings.preferences.TermuxPreferenceConstants$TERMUX_STYLING_APP,innerclass,0,0,0,0,0,1,0,0,0,NaN,-1.0,-1.0,0,0,0,0,0,0,0,0,0,0,1,1,1,0,0,0,1,0,0,3,0,0,0,0,0,1,0,1,0,1,0,0,0,0,24,25,0
C:\Users\jeffr\OneDrive\Desktop\termux-app-master\termux-shared\src\main\java\com\termux\shared\view\KeyboardUtils.java,com.termux.shared.view.KeyboardUtils,class,11,15,4,11,44,1,0,23,76,0.84615386,0.012820513,0.012820513,13,13,13,0,0,0,13,0,0,0,1,1,0,1,0,0,1,0,7,82,13,0,27,0,1,4,5,8,1,8,3,0,0,0,145,1,0
C:\Users\jeffr\OneDrive\Desktop\termux-app-master\termux-shared\src\main\java\com\termux\shared\file\filesystem\FileTypes.java,com.termux.shared.file.filesystem.FileTypes,class,5,8,3,5,19,1,0,20,3,1.0,0.0,0.0,3,3,3,0,0,0,3,0,0,0,2,2,2,0,0,0,2,0,3,35,12,1,2,1,1,6,2,7,1,6,7,0,0,0,136,1,0
C:\Users\jeffr\OneDrive\Desktop\termux-app-master\termux-shared\src\main\java\com\termux\shared\termux\TermuxConstants.java,com.termux.shared.termux.TermuxConstants$TERMUX_FLOAT_APP,innerclass,0,0,0,0,0,1,0,0,0,NaN,-1.0,-1.0,0,0,0,0,0,0,0,0,0,0,1,1,1,0,0,0,1,0,0,8,0,0,0,0,0,1,0,1,1,1,0,0,1,0,22,25,0
C:\Users\jeffr\OneDrive\Desktop\termux-app-master\termux-shared\src\main\java\com\termux\shared\models\TextIOInfo.java,com.termux.shared.models.TextIOInfo,class,2,3,1,2,40,1,0,1,626,0.94963133,0.03003003,0.036036037,37,0,37,0,0,0,37,0,0,0,22,3,3,19,0,0,5,0,2,136,19,0,0,0,0,2,7,36,1,22,1,0,0,0,121,1,0
C:\Users\jeffr\OneDrive\Desktop\termux-app-master\termux-shared\src\main\java\com\termux\shared\termux\TermuxConstants.java,com.termux.shared.termux.TermuxConstants$TERMUX_WIDGET$TERMUX_WIDGET_PROVIDER,innerclass,0,0,0,0,0,1,0,0,0,NaN,-1.0,-1.0,0,0,0,0,0,0,0,0,0,0,3,3,3,0,0,0,3,0,0,5,0,0,0,0,0,3,0,3,3,3,0,0,0,0,36,25,0
C:\Users\jeffr\OneDrive\Desktop\termux-app-master\termux-shared\src\main\java\com\termux\shared\android\PackageUtils.java,com.termux.shared.android.PackageUtils,class,18,34,16,18,100,1,0,61,1039,0.85106385,0.019426458,0.019426458,47,47,47,0,0,0,47,0,0,0,1,1,0,1,0,0,1,0,53,277,67,2,25,11,7,18,9,32,4,27,4,0,0,0,276,1,0
C:\Users\jeffr\OneDrive\Desktop\termux-app-master\termux-shared\src\main\java\com\termux\shared\jni\models\JniResult.java,com.termux.shared.jni.models.JniResult,class,4,8,4,4,9,1,0,7,0,0.45,0.6,0.6,5,1,5,0,0,0,5,0,0,0,4,0,4,0,0,0,0,0,4,29,3,0,3,0,0,9,3,5,0,5,1,0,0,0,84,1,0
C:\Users\jeffr\OneDrive\Desktop\termux-app-master\termux-shared\src\main\java\com\termux\shared\termux\models\UserAction.java,com.termux.shared.termux.models.UserAction,enum,0,2,2,0,2,1,0,0,0,0.0,1.0,1.0,2,0,1,0,0,1,2,0,0,0,1,0,0,1,0,0,1,0,0,8,1,0,0,0,0,2,0,1,0,1,0,0,0,0,25,1,0
C:\Users\jeffr\OneDrive\Desktop\termux-app-master\app\src\main\java\com\termux\app\terminal\io\KeyboardShortcut.java,com.termux.app.terminal.io.KeyboardShortcut,class,0,1,1,0,1,1,0,0,0,0.0,NaN,NaN,1,0,1,0,0,0,1,0,0,0,2,0,2,0,0,0,2,0,0,8,0,0,0,0,0,0,0,2,0,2,0,0,0,0,6,1,0
C:\Users\jeffr\OneDrive\Desktop\termux-app-master\termux-shared\src\main\java\com\termux\shared\termux\settings\properties\TermuxSharedProperties.java,com.termux.shared.termux.settings.properties.TermuxSharedProperties,class,8,23,15,8,104,1,1,72,996,0.8950893,0.17662337,0.22792208,56,20,56,0,0,0,56,0,0,1,8,1,1,0,7,0,6,0,65,309,80,2,13,0,1,29,9,24,6,21,2,0,1,0,239,1025,0
C:\Users\jeffr\OneDrive\Desktop\termux-app-master\terminal-emulator\src\test\java\com\termux\terminal\ScrollRegionTest.java,com.termux.terminal.ScrollRegionTest,class,1,1,0,1,14,3,0,5,91,0.0,0.0,0.0,14,0,14,0,0,0,14,0,0,0,0,0,0,0,0,0,0,0,0,75,0,0,0,0,0,187,46,0,0,0,0,0,0,0,71,1,0
C:\Users\jeffr\OneDrive\Desktop\termux-app-master\termux-shared\src\main\java\com\termux\shared\termux\crash\TermuxCrashUtils.java,com.termux.shared.termux.crash.TermuxCrashUtils,class,27,35,8,27,46,1,0,58,122,0.8235294,0.033333335,0.05,17,12,15,1,0,1,16,0,0,1,2,1,0,2,0,0,2,0,45,140,23,0,17,1,0,30,0,30,13,26,1,1,1,0,175,1,0
C:\Users\jeffr\OneDrive\Desktop\termux-app-master\app\src\main\java\com\termux\app\terminal\io\TerminalToolbarViewPager.java,com.termux.app.terminal.io.TerminalToolbarViewPager$OnPageChangeListener,innerclass,4,4,0,4,4,2,0,3,0,0.0,1.0,1.0,2,0,2,0,0,0,2,0,0,0,2,0,0,0,0,2,2,0,0,17,0,0,2,0,0,0,1,3,0,3,2,0,0,0,20,9,0
C:\Users\jeffr\OneDrive\Desktop\termux-app-master\terminal-view\src\main\java\com\termux\view\TerminalView.java,com.termux.view.TerminalView$Anonymous3,anonymous,5,5,0,5,20,1,0,16,6,0.0,0.0,0.0,4,0,3,0,0,1,4,0,0,0,0,0,0,0,0,0,0,0,3,73,4,2,3,0,0,7,9,18,2,8,3,0,0,0,58,-1,0
C:\Users\jeffr\OneDrive\Desktop\termux-app-master\termux-shared\src\main\java\com\termux\shared\termux\extrakeys\ExtraKeysConstants.java,com.termux.shared.termux.extrakeys.ExtraKeysConstants$EXTRA_KEY_DISPLAY_MAPS$Anonymous10,anonymous,0,0,0,0,1,1,0,1,0,0.0,NaN,NaN,0,0,0,0,0,0,1,0,0,0,0,0,0,0,0,0,0,0,0,8,0,0,0,0,0,0,0,0,0,0,0,0,0,0,20,-1,0
C:\Users\jeffr\OneDrive\Desktop\termux-app-master\terminal-view\src\main\java\com\termux\view\TerminalView.java,com.termux.view.TerminalView$Anonymous4,anonymous,2,2,0,2,2,1,0,2,0,0.0,NaN,NaN,1,0,1,0,0,0,1,0,0,0,0,0,0,0,0,0,0,0,0,7,0,0,1,0,0,0,1,0,0,0,1,0,0,0,8,-1,0
C:\Users\jeffr\OneDrive\Desktop\termux-app-master\termux-shared\src\main\java\com\termux\shared\termux\extrakeys\ExtraKeysConstants.java,com.termux.shared.termux.extrakeys.ExtraKeysConstants$EXTRA_KEY_DISPLAY_MAPS$Anonymous11,anonymous,0,0,0,0,1,1,0,1,0,0.0,NaN,NaN,0,0,0,0,0,0,1,0,0,0,0,0,0,0,0,0,0,0,0,7,0,0,0,0,0,0,0,0,0,0,0,0,0,0,20,-1,0
C:\Users\jeffr\OneDrive\Desktop\termux-app-master\app\src\main\java\com\termux\app\fragments\settings\termux\DebuggingPreferencesFragment.java,com.termux.app.fragments.settings.termux.DebuggingPreferencesFragment,class,12,17,5,12,8,2,0,18,3,0.0,0.0,0.0,3,1,2,1,0,0,2,0,0,0,0,0,0,0,0,0,0,0,6,31,4,0,5,0,0,2,0,8,0,7,2,0,0,0,35,1,0
C:\Users\jeffr\OneDrive\Desktop\termux-app-master\terminal-view\src\main\java\com\termux\view\TerminalView.java,com.termux.view.TerminalView$Anonymous1,anonymous,6,6,0,6,26,1,0,18,26,0.75,0.035714287,0.035714287,8,0,8,0,0,0,8,0,0,0,1,0,0,0,0,1,0,0,0,87,16,0,5,0,3,0,14,10,7,4,1,1,0,0,59,-1,0
C:\Users\jeffr\OneDrive\Desktop\termux-app-master\termux-shared\src\main\java\com\termux\shared\termux\TermuxUtils.java,com.termux.shared.termux.TermuxUtils$AppInfoMode,enum,0,0,0,0,0,1,0,0,0,0.0,-1.0,-1.0,0,0,0,0,0,0,0,0,0,0,0,0,0,0,0,0,0,0,0,4,0,0,0,0,0,0,0,0,0,0,0,0,0,0,37,1,0
