file,class,method,variable,usage
C:\Users\jeffr\OneDrive\Desktop\Empolyee-Management-System-master\EMS\src\Employee\add_employee.java,Employee.add_employee,add_employee/0,t4,4
C:\Users\jeffr\OneDrive\Desktop\Empolyee-Management-System-master\EMS\src\Employee\add_employee.java,Employee.add_employee,add_employee/0,t5,4
C:\Users\jeffr\OneDrive\Desktop\Empolyee-Management-System-master\EMS\src\Employee\add_employee.java,Employee.add_employee,add_employee/0,t6,4
C:\Users\jeffr\OneDrive\Desktop\Empolyee-Management-System-master\EMS\src\Employee\add_employee.java,Employee.add_employee,add_employee/0,t7,4
C:\Users\jeffr\OneDrive\Desktop\Empolyee-Management-System-master\EMS\src\Employee\add_employee.java,Employee.add_employee,add_employee/0,t8,4
C:\Users\jeffr\OneDrive\Desktop\Empolyee-Management-System-master\EMS\src\Employee\add_employee.java,Employee.add_employee,add_employee/0,t9,4
C:\Users\jeffr\OneDrive\Desktop\Empolyee-Management-System-master\EMS\src\Employee\add_employee.java,Employee.add_employee,add_employee/0,box,32
C:\Users\jeffr\OneDrive\Desktop\Empolyee-Management-System-master\EMS\src\Employee\add_employee.java,Employee.add_employee,add_employee/0,title,5
C:\Users\jeffr\OneDrive\Desktop\Empolyee-Management-System-master\EMS\src\Employee\add_employee.java,Employee.add_employee,add_employee/0,b1,6
C:\Users\jeffr\OneDrive\Desktop\Empolyee-Management-System-master\EMS\src\Employee\add_employee.java,Employee.add_employee,add_employee/0,label4,4
C:\Users\jeffr\OneDrive\Desktop\Empolyee-Management-System-master\EMS\src\Employee\add_employee.java,Employee.add_employee,add_employee/0,b2,6
C:\Users\jeffr\OneDrive\Desktop\Empolyee-Management-System-master\EMS\src\Employee\add_employee.java,Employee.add_employee,add_employee/0,label5,4
C:\Users\jeffr\OneDrive\Desktop\Empolyee-Management-System-master\EMS\src\Employee\add_employee.java,Employee.add_employee,add_employee/0,label6,4
C:\Users\jeffr\OneDrive\Desktop\Empolyee-Management-System-master\EMS\src\Employee\add_employee.java,Employee.add_employee,add_employee/0,t10,4
C:\Users\jeffr\OneDrive\Desktop\Empolyee-Management-System-master\EMS\src\Employee\add_employee.java,Employee.add_employee,add_employee/0,label7,4
C:\Users\jeffr\OneDrive\Desktop\Empolyee-Management-System-master\EMS\src\Employee\add_employee.java,Employee.add_employee,add_employee/0,label8,4
C:\Users\jeffr\OneDrive\Desktop\Empolyee-Management-System-master\EMS\src\Employee\add_employee.java,Employee.add_employee,add_employee/0,label9,4
C:\Users\jeffr\OneDrive\Desktop\Empolyee-Management-System-master\EMS\src\Employee\add_employee.java,Employee.add_employee,add_employee/0,t11,4
C:\Users\jeffr\OneDrive\Desktop\Empolyee-Management-System-master\EMS\src\Employee\add_employee.java,Employee.add_employee,add_employee/0,label10,4
C:\Users\jeffr\OneDrive\Desktop\Empolyee-Management-System-master\EMS\src\Employee\add_employee.java,Employee.add_employee,add_employee/0,label1,4
C:\Users\jeffr\OneDrive\Desktop\Empolyee-Management-System-master\EMS\src\Employee\add_employee.java,Employee.add_employee,add_employee/0,label13,3
C:\Users\jeffr\OneDrive\Desktop\Empolyee-Management-System-master\EMS\src\Employee\add_employee.java,Employee.add_employee,add_employee/0,label2,4
C:\Users\jeffr\OneDrive\Desktop\Empolyee-Management-System-master\EMS\src\Employee\add_employee.java,Employee.add_employee,add_employee/0,label12,3
C:\Users\jeffr\OneDrive\Desktop\Empolyee-Management-System-master\EMS\src\Employee\add_employee.java,Employee.add_employee,add_employee/0,label3,4
C:\Users\jeffr\OneDrive\Desktop\Empolyee-Management-System-master\EMS\src\Employee\add_employee.java,Employee.add_employee,add_employee/0,label11,4
C:\Users\jeffr\OneDrive\Desktop\Empolyee-Management-System-master\EMS\src\Employee\add_employee.java,Employee.add_employee,add_employee/0,t1,4
C:\Users\jeffr\OneDrive\Desktop\Empolyee-Management-System-master\EMS\src\Employee\add_employee.java,Employee.add_employee,add_employee/0,t2,4
C:\Users\jeffr\OneDrive\Desktop\Empolyee-Management-System-master\EMS\src\Employee\add_employee.java,Employee.add_employee,add_employee/0,frame,7
C:\Users\jeffr\OneDrive\Desktop\Empolyee-Management-System-master\EMS\src\Employee\add_employee.java,Employee.add_employee,add_employee/0,t3,4
C:\Users\jeffr\OneDrive\Desktop\Empolyee-Management-System-master\EMS\src\Employee\add_employee.java,Employee.add_employee,actionPerformed/1[java.awt.event.ActionEvent],t4,1
C:\Users\jeffr\OneDrive\Desktop\Empolyee-Management-System-master\EMS\src\Employee\add_employee.java,Employee.add_employee,actionPerformed/1[java.awt.event.ActionEvent],t5,1
C:\Users\jeffr\OneDrive\Desktop\Empolyee-Management-System-master\EMS\src\Employee\add_employee.java,Employee.add_employee,actionPerformed/1[java.awt.event.ActionEvent],t6,1
C:\Users\jeffr\OneDrive\Desktop\Empolyee-Management-System-master\EMS\src\Employee\add_employee.java,Employee.add_employee,actionPerformed/1[java.awt.event.ActionEvent],t7,1
C:\Users\jeffr\OneDrive\Desktop\Empolyee-Management-System-master\EMS\src\Employee\add_employee.java,Employee.add_employee,actionPerformed/1[java.awt.event.ActionEvent],t8,1
C:\Users\jeffr\OneDrive\Desktop\Empolyee-Management-System-master\EMS\src\Employee\add_employee.java,Employee.add_employee,actionPerformed/1[java.awt.event.ActionEvent],t9,1
C:\Users\jeffr\OneDrive\Desktop\Empolyee-Management-System-master\EMS\src\Employee\add_employee.java,Employee.add_employee,actionPerformed/1[java.awt.event.ActionEvent],b1,1
C:\Users\jeffr\OneDrive\Desktop\Empolyee-Management-System-master\EMS\src\Employee\add_employee.java,Employee.add_employee,actionPerformed/1[java.awt.event.ActionEvent],b2,2
C:\Users\jeffr\OneDrive\Desktop\Empolyee-Management-System-master\EMS\src\Employee\add_employee.java,Employee.add_employee,actionPerformed/1[java.awt.event.ActionEvent],t10,1
C:\Users\jeffr\OneDrive\Desktop\Empolyee-Management-System-master\EMS\src\Employee\add_employee.java,Employee.add_employee,actionPerformed/1[java.awt.event.ActionEvent],t11,1
C:\Users\jeffr\OneDrive\Desktop\Empolyee-Management-System-master\EMS\src\Employee\add_employee.java,Employee.add_employee,actionPerformed/1[java.awt.event.ActionEvent],t1,1
C:\Users\jeffr\OneDrive\Desktop\Empolyee-Management-System-master\EMS\src\Employee\add_employee.java,Employee.add_employee,actionPerformed/1[java.awt.event.ActionEvent],t2,1
C:\Users\jeffr\OneDrive\Desktop\Empolyee-Management-System-master\EMS\src\Employee\add_employee.java,Employee.add_employee,actionPerformed/1[java.awt.event.ActionEvent],t3,1
C:\Users\jeffr\OneDrive\Desktop\Empolyee-Management-System-master\EMS\src\Employee\add_employee.java,Employee.add_employee,actionPerformed/1[java.awt.event.ActionEvent],frame,3
C:\Users\jeffr\OneDrive\Desktop\Empolyee-Management-System-master\EMS\src\Employee\conn.java,Employee.conn,conn/0,st,1
C:\Users\jeffr\OneDrive\Desktop\Empolyee-Management-System-master\EMS\src\Employee\conn.java,Employee.conn,conn/0,c,2
C:\Users\jeffr\OneDrive\Desktop\Empolyee-Management-System-master\EMS\src\Employee\search_employee.java,Employee.search_employee,actionPerformed/1[java.awt.event.ActionEvent],b2,1
C:\Users\jeffr\OneDrive\Desktop\Empolyee-Management-System-master\EMS\src\Employee\search_employee.java,Employee.search_employee,actionPerformed/1[java.awt.event.ActionEvent],t,1
C:\Users\jeffr\OneDrive\Desktop\Empolyee-Management-System-master\EMS\src\Employee\search_employee.java,Employee.search_employee,actionPerformed/1[java.awt.event.ActionEvent],frame,2
C:\Users\jeffr\OneDrive\Desktop\Empolyee-Management-System-master\EMS\src\Employee\search_employee.java,Employee.search_employee,actionPerformed/1[java.awt.event.ActionEvent],b1,1
C:\Users\jeffr\OneDrive\Desktop\Empolyee-Management-System-master\EMS\src\Employee\search_employee.java,Employee.search_employee,search_employee/0,b2,4
C:\Users\jeffr\OneDrive\Desktop\Empolyee-Management-System-master\EMS\src\Employee\search_employee.java,Employee.search_employee,search_employee/0,t,4
C:\Users\jeffr\OneDrive\Desktop\Empolyee-Management-System-master\EMS\src\Employee\search_employee.java,Employee.search_employee,search_employee/0,l1,9
C:\Users\jeffr\OneDrive\Desktop\Empolyee-Management-System-master\EMS\src\Employee\search_employee.java,Employee.search_employee,search_employee/0,l2,6
C:\Users\jeffr\OneDrive\Desktop\Empolyee-Management-System-master\EMS\src\Employee\search_employee.java,Employee.search_employee,search_employee/0,frame,7
C:\Users\jeffr\OneDrive\Desktop\Empolyee-Management-System-master\EMS\src\Employee\search_employee.java,Employee.search_employee,search_employee/0,b1,4
C:\Users\jeffr\OneDrive\Desktop\Empolyee-Management-System-master\EMS\src\Employee\update_employee.java,Employee.update_employee,update_employee/1[java.lang.String],t4,3
C:\Users\jeffr\OneDrive\Desktop\Empolyee-Management-System-master\EMS\src\Employee\update_employee.java,Employee.update_employee,update_employee/1[java.lang.String],t5,3
C:\Users\jeffr\OneDrive\Desktop\Empolyee-Management-System-master\EMS\src\Employee\update_employee.java,Employee.update_employee,update_employee/1[java.lang.String],t6,3
C:\Users\jeffr\OneDrive\Desktop\Empolyee-Management-System-master\EMS\src\Employee\update_employee.java,Employee.update_employee,update_employee/1[java.lang.String],b,4
C:\Users\jeffr\OneDrive\Desktop\Empolyee-Management-System-master\EMS\src\Employee\update_employee.java,Employee.update_employee,update_employee/1[java.lang.String],t7,3
C:\Users\jeffr\OneDrive\Desktop\Empolyee-Management-System-master\EMS\src\Employee\update_employee.java,Employee.update_employee,update_employee/1[java.lang.String],t8,3
C:\Users\jeffr\OneDrive\Desktop\Empolyee-Management-System-master\EMS\src\Employee\update_employee.java,Employee.update_employee,update_employee/1[java.lang.String],t9,3
C:\Users\jeffr\OneDrive\Desktop\Empolyee-Management-System-master\EMS\src\Employee\update_employee.java,Employee.update_employee,update_employee/1[java.lang.String],f,8
C:\Users\jeffr\OneDrive\Desktop\Empolyee-Management-System-master\EMS\src\Employee\update_employee.java,Employee.update_employee,update_employee/1[java.lang.String],id10,4
C:\Users\jeffr\OneDrive\Desktop\Empolyee-Management-System-master\EMS\src\Employee\update_employee.java,Employee.update_employee,update_employee/1[java.lang.String],id15,26
C:\Users\jeffr\OneDrive\Desktop\Empolyee-Management-System-master\EMS\src\Employee\update_employee.java,Employee.update_employee,update_employee/1[java.lang.String],b1,4
C:\Users\jeffr\OneDrive\Desktop\Empolyee-Management-System-master\EMS\src\Employee\update_employee.java,Employee.update_employee,update_employee/1[java.lang.String],id2,4
C:\Users\jeffr\OneDrive\Desktop\Empolyee-Management-System-master\EMS\src\Employee\update_employee.java,Employee.update_employee,update_employee/1[java.lang.String],id1,4
C:\Users\jeffr\OneDrive\Desktop\Empolyee-Management-System-master\EMS\src\Employee\update_employee.java,Employee.update_employee,update_employee/1[java.lang.String],id4,4
C:\Users\jeffr\OneDrive\Desktop\Empolyee-Management-System-master\EMS\src\Employee\update_employee.java,Employee.update_employee,update_employee/1[java.lang.String],id3,4
C:\Users\jeffr\OneDrive\Desktop\Empolyee-Management-System-master\EMS\src\Employee\update_employee.java,Employee.update_employee,update_employee/1[java.lang.String],id6,4
C:\Users\jeffr\OneDrive\Desktop\Empolyee-Management-System-master\EMS\src\Employee\update_employee.java,Employee.update_employee,update_employee/1[java.lang.String],id5,4
C:\Users\jeffr\OneDrive\Desktop\Empolyee-Management-System-master\EMS\src\Employee\update_employee.java,Employee.update_employee,update_employee/1[java.lang.String],id8,5
C:\Users\jeffr\OneDrive\Desktop\Empolyee-Management-System-master\EMS\src\Employee\update_employee.java,Employee.update_employee,update_employee/1[java.lang.String],t1,3
C:\Users\jeffr\OneDrive\Desktop\Empolyee-Management-System-master\EMS\src\Employee\update_employee.java,Employee.update_employee,update_employee/1[java.lang.String],id7,4
C:\Users\jeffr\OneDrive\Desktop\Empolyee-Management-System-master\EMS\src\Employee\update_employee.java,Employee.update_employee,update_employee/1[java.lang.String],id_emp,1
C:\Users\jeffr\OneDrive\Desktop\Empolyee-Management-System-master\EMS\src\Employee\update_employee.java,Employee.update_employee,update_employee/1[java.lang.String],t2,3
C:\Users\jeffr\OneDrive\Desktop\Empolyee-Management-System-master\EMS\src\Employee\update_employee.java,Employee.update_employee,update_employee/1[java.lang.String],t3,3
C:\Users\jeffr\OneDrive\Desktop\Empolyee-Management-System-master\EMS\src\Employee\update_employee.java,Employee.update_employee,update_employee/1[java.lang.String],id9,4
C:\Users\jeffr\OneDrive\Desktop\Empolyee-Management-System-master\EMS\src\Employee\update_employee.java,Employee.update_employee,actionPerformed/1[java.awt.event.ActionEvent],t4,1
C:\Users\jeffr\OneDrive\Desktop\Empolyee-Management-System-master\EMS\src\Employee\update_employee.java,Employee.update_employee,actionPerformed/1[java.awt.event.ActionEvent],t5,1
C:\Users\jeffr\OneDrive\Desktop\Empolyee-Management-System-master\EMS\src\Employee\update_employee.java,Employee.update_employee,actionPerformed/1[java.awt.event.ActionEvent],b,1
C:\Users\jeffr\OneDrive\Desktop\Empolyee-Management-System-master\EMS\src\Employee\update_employee.java,Employee.update_employee,actionPerformed/1[java.awt.event.ActionEvent],t6,1
C:\Users\jeffr\OneDrive\Desktop\Empolyee-Management-System-master\EMS\src\Employee\update_employee.java,Employee.update_employee,actionPerformed/1[java.awt.event.ActionEvent],t7,1
C:\Users\jeffr\OneDrive\Desktop\Empolyee-Management-System-master\EMS\src\Employee\update_employee.java,Employee.update_employee,actionPerformed/1[java.awt.event.ActionEvent],t8,1
C:\Users\jeffr\OneDrive\Desktop\Empolyee-Management-System-master\EMS\src\Employee\update_employee.java,Employee.update_employee,actionPerformed/1[java.awt.event.ActionEvent],t9,1
C:\Users\jeffr\OneDrive\Desktop\Empolyee-Management-System-master\EMS\src\Employee\update_employee.java,Employee.update_employee,actionPerformed/1[java.awt.event.ActionEvent],f,2
C:\Users\jeffr\OneDrive\Desktop\Empolyee-Management-System-master\EMS\src\Employee\update_employee.java,Employee.update_employee,actionPerformed/1[java.awt.event.ActionEvent],i,1
C:\Users\jeffr\OneDrive\Desktop\Empolyee-Management-System-master\EMS\src\Employee\update_employee.java,Employee.update_employee,actionPerformed/1[java.awt.event.ActionEvent],b1,1
C:\Users\jeffr\OneDrive\Desktop\Empolyee-Management-System-master\EMS\src\Employee\update_employee.java,Employee.update_employee,actionPerformed/1[java.awt.event.ActionEvent],dat,1
C:\Users\jeffr\OneDrive\Desktop\Empolyee-Management-System-master\EMS\src\Employee\update_employee.java,Employee.update_employee,actionPerformed/1[java.awt.event.ActionEvent],t1,1
C:\Users\jeffr\OneDrive\Desktop\Empolyee-Management-System-master\EMS\src\Employee\update_employee.java,Employee.update_employee,actionPerformed/1[java.awt.event.ActionEvent],t2,1
C:\Users\jeffr\OneDrive\Desktop\Empolyee-Management-System-master\EMS\src\Employee\update_employee.java,Employee.update_employee,actionPerformed/1[java.awt.event.ActionEvent],age,1
C:\Users\jeffr\OneDrive\Desktop\Empolyee-Management-System-master\EMS\src\Employee\update_employee.java,Employee.update_employee,actionPerformed/1[java.awt.event.ActionEvent],id_emp,1
C:\Users\jeffr\OneDrive\Desktop\Empolyee-Management-System-master\EMS\src\Employee\update_employee.java,Employee.update_employee,actionPerformed/1[java.awt.event.ActionEvent],t3,1
C:\Users\jeffr\OneDrive\Desktop\Empolyee-Management-System-master\EMS\src\Employee\update_employee.java,Employee.update_employee,showData/1[java.lang.String],t4,1
C:\Users\jeffr\OneDrive\Desktop\Empolyee-Management-System-master\EMS\src\Employee\update_employee.java,Employee.update_employee,showData/1[java.lang.String],t5,1
C:\Users\jeffr\OneDrive\Desktop\Empolyee-Management-System-master\EMS\src\Employee\update_employee.java,Employee.update_employee,showData/1[java.lang.String],t6,1
C:\Users\jeffr\OneDrive\Desktop\Empolyee-Management-System-master\EMS\src\Employee\update_employee.java,Employee.update_employee,showData/1[java.lang.String],t7,1
C:\Users\jeffr\OneDrive\Desktop\Empolyee-Management-System-master\EMS\src\Employee\update_employee.java,Employee.update_employee,showData/1[java.lang.String],t8,1
C:\Users\jeffr\OneDrive\Desktop\Empolyee-Management-System-master\EMS\src\Employee\update_employee.java,Employee.update_employee,showData/1[java.lang.String],t9,1
C:\Users\jeffr\OneDrive\Desktop\Empolyee-Management-System-master\EMS\src\Employee\update_employee.java,Employee.update_employee,showData/1[java.lang.String],f,4
C:\Users\jeffr\OneDrive\Desktop\Empolyee-Management-System-master\EMS\src\Employee\update_employee.java,Employee.update_employee,showData/1[java.lang.String],i,2
C:\Users\jeffr\OneDrive\Desktop\Empolyee-Management-System-master\EMS\src\Employee\update_employee.java,Employee.update_employee,showData/1[java.lang.String],dat,1
C:\Users\jeffr\OneDrive\Desktop\Empolyee-Management-System-master\EMS\src\Employee\update_employee.java,Employee.update_employee,showData/1[java.lang.String],id,2
C:\Users\jeffr\OneDrive\Desktop\Empolyee-Management-System-master\EMS\src\Employee\update_employee.java,Employee.update_employee,showData/1[java.lang.String],t1,1
C:\Users\jeffr\OneDrive\Desktop\Empolyee-Management-System-master\EMS\src\Employee\update_employee.java,Employee.update_employee,showData/1[java.lang.String],t2,1
C:\Users\jeffr\OneDrive\Desktop\Empolyee-Management-System-master\EMS\src\Employee\update_employee.java,Employee.update_employee,showData/1[java.lang.String],age,1
C:\Users\jeffr\OneDrive\Desktop\Empolyee-Management-System-master\EMS\src\Employee\update_employee.java,Employee.update_employee,showData/1[java.lang.String],t3,1
C:\Users\jeffr\OneDrive\Desktop\Empolyee-Management-System-master\EMS\src\Employee\details_page.java,Employee.details_page,details_page/0,b2,6
C:\Users\jeffr\OneDrive\Desktop\Empolyee-Management-System-master\EMS\src\Employee\details_page.java,Employee.details_page,details_page/0,b3,6
C:\Users\jeffr\OneDrive\Desktop\Empolyee-Management-System-master\EMS\src\Employee\details_page.java,Employee.details_page,details_page/0,b4,6
C:\Users\jeffr\OneDrive\Desktop\Empolyee-Management-System-master\EMS\src\Employee\details_page.java,Employee.details_page,details_page/0,l1,5
C:\Users\jeffr\OneDrive\Desktop\Empolyee-Management-System-master\EMS\src\Employee\details_page.java,Employee.details_page,details_page/0,l2,6
C:\Users\jeffr\OneDrive\Desktop\Empolyee-Management-System-master\EMS\src\Employee\details_page.java,Employee.details_page,details_page/0,frame,13
C:\Users\jeffr\OneDrive\Desktop\Empolyee-Management-System-master\EMS\src\Employee\details_page.java,Employee.details_page,details_page/0,b1,6
C:\Users\jeffr\OneDrive\Desktop\Empolyee-Management-System-master\EMS\src\Employee\details_page.java,Employee.details_page,actionPerformed/1[java.awt.event.ActionEvent],b2,1
C:\Users\jeffr\OneDrive\Desktop\Empolyee-Management-System-master\EMS\src\Employee\details_page.java,Employee.details_page,actionPerformed/1[java.awt.event.ActionEvent],b3,1
C:\Users\jeffr\OneDrive\Desktop\Empolyee-Management-System-master\EMS\src\Employee\details_page.java,Employee.details_page,actionPerformed/1[java.awt.event.ActionEvent],b4,1
C:\Users\jeffr\OneDrive\Desktop\Empolyee-Management-System-master\EMS\src\Employee\details_page.java,Employee.details_page,actionPerformed/1[java.awt.event.ActionEvent],b1,1
C:\Users\jeffr\OneDrive\Desktop\Empolyee-Management-System-master\EMS\src\Employee\details_page.java,Employee.details_page,actionPerformed/1[java.awt.event.ActionEvent],frame,4
C:\Users\jeffr\OneDrive\Desktop\Empolyee-Management-System-master\EMS\src\Employee\print_data.java,Employee.print_data,print_data/1[java.lang.String],education,2
C:\Users\jeffr\OneDrive\Desktop\Empolyee-Management-System-master\EMS\src\Employee\print_data.java,Employee.print_data,print_data/1[java.lang.String],father,2
C:\Users\jeffr\OneDrive\Desktop\Empolyee-Management-System-master\EMS\src\Employee\print_data.java,Employee.print_data,print_data/1[java.lang.String],b1,6
C:\Users\jeffr\OneDrive\Desktop\Empolyee-Management-System-master\EMS\src\Employee\print_data.java,Employee.print_data,print_data/1[java.lang.String],b2,6
C:\Users\jeffr\OneDrive\Desktop\Empolyee-Management-System-master\EMS\src\Employee\print_data.java,Employee.print_data,print_data/1[java.lang.String],post,2
C:\Users\jeffr\OneDrive\Desktop\Empolyee-Management-System-master\EMS\src\Employee\print_data.java,Employee.print_data,print_data/1[java.lang.String],aid5,4
C:\Users\jeffr\OneDrive\Desktop\Empolyee-Management-System-master\EMS\src\Employee\print_data.java,Employee.print_data,print_data/1[java.lang.String],aid4,4
C:\Users\jeffr\OneDrive\Desktop\Empolyee-Management-System-master\EMS\src\Employee\print_data.java,Employee.print_data,print_data/1[java.lang.String],aid7,4
C:\Users\jeffr\OneDrive\Desktop\Empolyee-Management-System-master\EMS\src\Employee\print_data.java,Employee.print_data,print_data/1[java.lang.String],aid6,4
C:\Users\jeffr\OneDrive\Desktop\Empolyee-Management-System-master\EMS\src\Employee\print_data.java,Employee.print_data,print_data/1[java.lang.String],aid1,4
C:\Users\jeffr\OneDrive\Desktop\Empolyee-Management-System-master\EMS\src\Employee\print_data.java,Employee.print_data,print_data/1[java.lang.String],aadhar,1
C:\Users\jeffr\OneDrive\Desktop\Empolyee-Management-System-master\EMS\src\Employee\print_data.java,Employee.print_data,print_data/1[java.lang.String],aid3,4
C:\Users\jeffr\OneDrive\Desktop\Empolyee-Management-System-master\EMS\src\Employee\print_data.java,Employee.print_data,print_data/1[java.lang.String],id,4
C:\Users\jeffr\OneDrive\Desktop\Empolyee-Management-System-master\EMS\src\Employee\print_data.java,Employee.print_data,print_data/1[java.lang.String],aid2,4
C:\Users\jeffr\OneDrive\Desktop\Empolyee-Management-System-master\EMS\src\Employee\print_data.java,Employee.print_data,print_data/1[java.lang.String],email,2
C:\Users\jeffr\OneDrive\Desktop\Empolyee-Management-System-master\EMS\src\Employee\print_data.java,Employee.print_data,print_data/1[java.lang.String],address,2
C:\Users\jeffr\OneDrive\Desktop\Empolyee-Management-System-master\EMS\src\Employee\print_data.java,Employee.print_data,print_data/1[java.lang.String],f,8
C:\Users\jeffr\OneDrive\Desktop\Empolyee-Management-System-master\EMS\src\Employee\print_data.java,Employee.print_data,print_data/1[java.lang.String],phone,2
C:\Users\jeffr\OneDrive\Desktop\Empolyee-Management-System-master\EMS\src\Employee\print_data.java,Employee.print_data,print_data/1[java.lang.String],dob,1
C:\Users\jeffr\OneDrive\Desktop\Empolyee-Management-System-master\EMS\src\Employee\print_data.java,Employee.print_data,print_data/1[java.lang.String],id2,4
C:\Users\jeffr\OneDrive\Desktop\Empolyee-Management-System-master\EMS\src\Employee\print_data.java,Employee.print_data,print_data/1[java.lang.String],id1,4
C:\Users\jeffr\OneDrive\Desktop\Empolyee-Management-System-master\EMS\src\Employee\print_data.java,Employee.print_data,print_data/1[java.lang.String],name,2
C:\Users\jeffr\OneDrive\Desktop\Empolyee-Management-System-master\EMS\src\Employee\print_data.java,Employee.print_data,print_data/1[java.lang.String],id4,4
C:\Users\jeffr\OneDrive\Desktop\Empolyee-Management-System-master\EMS\src\Employee\print_data.java,Employee.print_data,print_data/1[java.lang.String],id3,4
C:\Users\jeffr\OneDrive\Desktop\Empolyee-Management-System-master\EMS\src\Employee\print_data.java,Employee.print_data,print_data/1[java.lang.String],id6,4
C:\Users\jeffr\OneDrive\Desktop\Empolyee-Management-System-master\EMS\src\Employee\print_data.java,Employee.print_data,print_data/1[java.lang.String],id5,4
C:\Users\jeffr\OneDrive\Desktop\Empolyee-Management-System-master\EMS\src\Employee\print_data.java,Employee.print_data,print_data/1[java.lang.String],id8,5
C:\Users\jeffr\OneDrive\Desktop\Empolyee-Management-System-master\EMS\src\Employee\print_data.java,Employee.print_data,print_data/1[java.lang.String],aid,4
C:\Users\jeffr\OneDrive\Desktop\Empolyee-Management-System-master\EMS\src\Employee\print_data.java,Employee.print_data,print_data/1[java.lang.String],id7,4
C:\Users\jeffr\OneDrive\Desktop\Empolyee-Management-System-master\EMS\src\Employee\print_data.java,Employee.print_data,print_data/1[java.lang.String],age,1
C:\Users\jeffr\OneDrive\Desktop\Empolyee-Management-System-master\EMS\src\Employee\print_data.java,Employee.print_data,print_data/1[java.lang.String],emp_id,2
C:\Users\jeffr\OneDrive\Desktop\Empolyee-Management-System-master\EMS\src\Employee\print_data.java,Employee.print_data,print_data/1[java.lang.String],id9,24
C:\Users\jeffr\OneDrive\Desktop\Empolyee-Management-System-master\EMS\src\Employee\print_data.java,Employee.print_data,actionPerformed/1[java.awt.event.ActionEvent],b2,1
C:\Users\jeffr\OneDrive\Desktop\Empolyee-Management-System-master\EMS\src\Employee\print_data.java,Employee.print_data,actionPerformed/1[java.awt.event.ActionEvent],f,2
C:\Users\jeffr\OneDrive\Desktop\Empolyee-Management-System-master\EMS\src\Employee\print_data.java,Employee.print_data,actionPerformed/1[java.awt.event.ActionEvent],b1,1
C:\Users\jeffr\OneDrive\Desktop\Empolyee-Management-System-master\EMS\src\Employee\login_page.java,Employee.login_page,actionPerformed/1[java.awt.event.ActionEvent],b2,1
C:\Users\jeffr\OneDrive\Desktop\Empolyee-Management-System-master\EMS\src\Employee\login_page.java,Employee.login_page,actionPerformed/1[java.awt.event.ActionEvent],t1,1
C:\Users\jeffr\OneDrive\Desktop\Empolyee-Management-System-master\EMS\src\Employee\login_page.java,Employee.login_page,actionPerformed/1[java.awt.event.ActionEvent],t2,1
C:\Users\jeffr\OneDrive\Desktop\Empolyee-Management-System-master\EMS\src\Employee\login_page.java,Employee.login_page,actionPerformed/1[java.awt.event.ActionEvent],frame,5
C:\Users\jeffr\OneDrive\Desktop\Empolyee-Management-System-master\EMS\src\Employee\login_page.java,Employee.login_page,login_page/0,b2,7
C:\Users\jeffr\OneDrive\Desktop\Empolyee-Management-System-master\EMS\src\Employee\login_page.java,Employee.login_page,login_page/0,l1,3
C:\Users\jeffr\OneDrive\Desktop\Empolyee-Management-System-master\EMS\src\Employee\login_page.java,Employee.login_page,login_page/0,l2,3
C:\Users\jeffr\OneDrive\Desktop\Empolyee-Management-System-master\EMS\src\Employee\login_page.java,Employee.login_page,login_page/0,t1,3
C:\Users\jeffr\OneDrive\Desktop\Empolyee-Management-System-master\EMS\src\Employee\login_page.java,Employee.login_page,login_page/0,t2,3
C:\Users\jeffr\OneDrive\Desktop\Empolyee-Management-System-master\EMS\src\Employee\login_page.java,Employee.login_page,login_page/0,frame,15
C:\Users\jeffr\OneDrive\Desktop\Empolyee-Management-System-master\EMS\src\Employee\login_page.java,Employee.login_page,login_page/0,b1,7
C:\Users\jeffr\OneDrive\Desktop\Empolyee-Management-System-master\EMS\src\Employee\remove_employee.java,Employee.remove_employee,remove_employee/0,b,4
C:\Users\jeffr\OneDrive\Desktop\Empolyee-Management-System-master\EMS\src\Employee\remove_employee.java,Employee.remove_employee,remove_employee/0,l1,5
C:\Users\jeffr\OneDrive\Desktop\Empolyee-Management-System-master\EMS\src\Employee\remove_employee.java,Employee.remove_employee,remove_employee/0,l2,6
C:\Users\jeffr\OneDrive\Desktop\Empolyee-Management-System-master\EMS\src\Employee\remove_employee.java,Employee.remove_employee,remove_employee/0,l3,6
C:\Users\jeffr\OneDrive\Desktop\Empolyee-Management-System-master\EMS\src\Employee\remove_employee.java,Employee.remove_employee,remove_employee/0,l4,6
C:\Users\jeffr\OneDrive\Desktop\Empolyee-Management-System-master\EMS\src\Employee\remove_employee.java,Employee.remove_employee,remove_employee/0,l5,17
C:\Users\jeffr\OneDrive\Desktop\Empolyee-Management-System-master\EMS\src\Employee\remove_employee.java,Employee.remove_employee,remove_employee/0,l6,5
C:\Users\jeffr\OneDrive\Desktop\Empolyee-Management-System-master\EMS\src\Employee\remove_employee.java,Employee.remove_employee,remove_employee/0,l7,5
C:\Users\jeffr\OneDrive\Desktop\Empolyee-Management-System-master\EMS\src\Employee\remove_employee.java,Employee.remove_employee,remove_employee/0,l8,5
C:\Users\jeffr\OneDrive\Desktop\Empolyee-Management-System-master\EMS\src\Employee\remove_employee.java,Employee.remove_employee,remove_employee/0,b1,5
C:\Users\jeffr\OneDrive\Desktop\Empolyee-Management-System-master\EMS\src\Employee\remove_employee.java,Employee.remove_employee,remove_employee/0,b2,5
C:\Users\jeffr\OneDrive\Desktop\Empolyee-Management-System-master\EMS\src\Employee\remove_employee.java,Employee.remove_employee,remove_employee/0,b3,4
C:\Users\jeffr\OneDrive\Desktop\Empolyee-Management-System-master\EMS\src\Employee\remove_employee.java,Employee.remove_employee,remove_employee/0,t,3
C:\Users\jeffr\OneDrive\Desktop\Empolyee-Management-System-master\EMS\src\Employee\remove_employee.java,Employee.remove_employee,remove_employee/0,frame,7
C:\Users\jeffr\OneDrive\Desktop\Empolyee-Management-System-master\EMS\src\Employee\remove_employee.java,Employee.remove_employee,actionPerformed/1[java.awt.event.ActionEvent],b2,3
C:\Users\jeffr\OneDrive\Desktop\Empolyee-Management-System-master\EMS\src\Employee\remove_employee.java,Employee.remove_employee,actionPerformed/1[java.awt.event.ActionEvent],b3,1
C:\Users\jeffr\OneDrive\Desktop\Empolyee-Management-System-master\EMS\src\Employee\remove_employee.java,Employee.remove_employee,actionPerformed/1[java.awt.event.ActionEvent],b,1
C:\Users\jeffr\OneDrive\Desktop\Empolyee-Management-System-master\EMS\src\Employee\remove_employee.java,Employee.remove_employee,actionPerformed/1[java.awt.event.ActionEvent],t,2
C:\Users\jeffr\OneDrive\Desktop\Empolyee-Management-System-master\EMS\src\Employee\remove_employee.java,Employee.remove_employee,actionPerformed/1[java.awt.event.ActionEvent],l2,2
C:\Users\jeffr\OneDrive\Desktop\Empolyee-Management-System-master\EMS\src\Employee\remove_employee.java,Employee.remove_employee,actionPerformed/1[java.awt.event.ActionEvent],l3,2
C:\Users\jeffr\OneDrive\Desktop\Empolyee-Management-System-master\EMS\src\Employee\remove_employee.java,Employee.remove_employee,actionPerformed/1[java.awt.event.ActionEvent],l4,2
C:\Users\jeffr\OneDrive\Desktop\Empolyee-Management-System-master\EMS\src\Employee\remove_employee.java,Employee.remove_employee,actionPerformed/1[java.awt.event.ActionEvent],l6,2
C:\Users\jeffr\OneDrive\Desktop\Empolyee-Management-System-master\EMS\src\Employee\remove_employee.java,Employee.remove_employee,actionPerformed/1[java.awt.event.ActionEvent],l7,2
C:\Users\jeffr\OneDrive\Desktop\Empolyee-Management-System-master\EMS\src\Employee\remove_employee.java,Employee.remove_employee,actionPerformed/1[java.awt.event.ActionEvent],l8,2
C:\Users\jeffr\OneDrive\Desktop\Empolyee-Management-System-master\EMS\src\Employee\remove_employee.java,Employee.remove_employee,actionPerformed/1[java.awt.event.ActionEvent],b1,3
C:\Users\jeffr\OneDrive\Desktop\Empolyee-Management-System-master\EMS\src\Employee\remove_employee.java,Employee.remove_employee,actionPerformed/1[java.awt.event.ActionEvent],frame,2
C:\Users\jeffr\OneDrive\Desktop\Empolyee-Management-System-master\EMS\src\Employee\view_employee.java,Employee.view_employee,view_employee/0,b2,4
C:\Users\jeffr\OneDrive\Desktop\Empolyee-Management-System-master\EMS\src\Employee\view_employee.java,Employee.view_employee,view_employee/0,t,4
C:\Users\jeffr\OneDrive\Desktop\Empolyee-Management-System-master\EMS\src\Employee\view_employee.java,Employee.view_employee,view_employee/0,l1,9
C:\Users\jeffr\OneDrive\Desktop\Empolyee-Management-System-master\EMS\src\Employee\view_employee.java,Employee.view_employee,view_employee/0,l2,6
C:\Users\jeffr\OneDrive\Desktop\Empolyee-Management-System-master\EMS\src\Employee\view_employee.java,Employee.view_employee,view_employee/0,frame,7
C:\Users\jeffr\OneDrive\Desktop\Empolyee-Management-System-master\EMS\src\Employee\view_employee.java,Employee.view_employee,view_employee/0,b1,4
C:\Users\jeffr\OneDrive\Desktop\Empolyee-Management-System-master\EMS\src\Employee\view_employee.java,Employee.view_employee,actionPerformed/1[java.awt.event.ActionEvent],b2,1
C:\Users\jeffr\OneDrive\Desktop\Empolyee-Management-System-master\EMS\src\Employee\view_employee.java,Employee.view_employee,actionPerformed/1[java.awt.event.ActionEvent],t,1
C:\Users\jeffr\OneDrive\Desktop\Empolyee-Management-System-master\EMS\src\Employee\view_employee.java,Employee.view_employee,actionPerformed/1[java.awt.event.ActionEvent],frame,2
C:\Users\jeffr\OneDrive\Desktop\Empolyee-Management-System-master\EMS\src\Employee\view_employee.java,Employee.view_employee,actionPerformed/1[java.awt.event.ActionEvent],b1,1
C:\Users\jeffr\OneDrive\Desktop\Empolyee-Management-System-master\EMS\src\Employee\welcome_page.java,Employee.welcome_page,actionPerformed/1[java.awt.event.ActionEvent],frame,1
C:\Users\jeffr\OneDrive\Desktop\Empolyee-Management-System-master\EMS\src\Employee\welcome_page.java,Employee.welcome_page,welcome_page/0,frame,11
