file,class,method,constructor,line,cbo,cboModified,fanin,fanout,wmc,rfc,loc,returnsQty,variablesQty,parametersQty,methodsInvokedQty,methodsInvokedLocalQty,methodsInvokedIndirectLocalQty,loopQty,comparisonsQty,tryCatchQty,parenthesizedExpsQty,stringLiteralsQty,numbersQty,assignmentsQty,mathOperationsQty,maxNestedBlocksQty,anonymousClassesQty,innerClassesQty,lambdasQty,uniqueWordsQty,modifiers,logStatementsQty,hasJavaDoc
C:\Users\jeffr\OneDrive\Desktop\Empolyee-Management-System-master\EMS\src\Employee\add_employee.java,Employee.add_employee,add_employee/0,true,18,0,2,2,0,1,15,125,0,1,0,15,0,0,0,0,0,0,40,139,30,0,0,0,0,0,45,0,0,false
C:\Users\jeffr\OneDrive\Desktop\Empolyee-Management-System-master\EMS\src\Employee\add_employee.java,Employee.add_employee,main/1[java.lang.String[]],false,219,1,1,0,1,1,0,3,0,0,1,0,0,0,0,0,0,0,0,0,0,0,0,0,0,0,4,9,0,false
C:\Users\jeffr\OneDrive\Desktop\Empolyee-Management-System-master\EMS\src\Employee\add_employee.java,Employee.add_employee,actionPerformed/1[java.awt.event.ActionEvent],false,182,2,2,0,2,5,6,34,0,13,1,6,0,0,0,3,1,0,14,0,13,2,2,0,0,0,31,1,0,false
C:\Users\jeffr\OneDrive\Desktop\Empolyee-Management-System-master\EMS\src\Employee\conn.java,Employee.conn,conn/0,true,26,0,6,6,0,2,4,10,0,0,0,4,0,0,0,0,1,0,4,0,2,0,1,0,0,0,10,1,0,false
C:\Users\jeffr\OneDrive\Desktop\Empolyee-Management-System-master\EMS\src\Employee\search_employee.java,Employee.search_employee,actionPerformed/1[java.awt.event.ActionEvent],false,58,2,2,0,2,3,3,11,0,3,1,3,0,0,0,2,0,0,0,0,3,0,1,0,0,0,15,1,0,false
C:\Users\jeffr\OneDrive\Desktop\Empolyee-Management-System-master\EMS\src\Employee\search_employee.java,Employee.search_employee,search_employee/0,true,16,0,4,4,0,1,15,33,0,2,0,15,0,0,0,0,0,0,7,26,8,0,0,0,0,0,21,0,0,false
C:\Users\jeffr\OneDrive\Desktop\Empolyee-Management-System-master\EMS\src\Employee\search_employee.java,Employee.search_employee,main/1[java.lang.String[]],false,72,1,1,0,1,1,0,3,0,1,1,0,0,0,0,0,0,0,0,0,1,0,0,0,0,0,5,9,0,false
C:\Users\jeffr\OneDrive\Desktop\Empolyee-Management-System-master\EMS\src\Employee\update_employee.java,Employee.update_employee,update_employee/1[java.lang.String],true,16,1,3,2,1,1,14,93,0,1,1,14,1,1,0,0,0,0,24,102,25,0,0,0,0,0,44,0,0,false
C:\Users\jeffr\OneDrive\Desktop\Empolyee-Management-System-master\EMS\src\Employee\update_employee.java,Employee.update_employee,actionPerformed/1[java.awt.event.ActionEvent],false,171,3,3,0,3,5,6,19,0,3,1,6,0,0,0,3,1,0,15,1,3,2,2,0,0,0,27,1,0,false
C:\Users\jeffr\OneDrive\Desktop\Empolyee-Management-System-master\EMS\src\Employee\update_employee.java,Employee.update_employee,showData/1[java.lang.String],false,137,2,3,1,2,4,8,29,0,3,1,8,0,0,0,1,1,0,3,17,6,1,2,0,0,0,21,0,0,false
C:\Users\jeffr\OneDrive\Desktop\Empolyee-Management-System-master\EMS\src\Employee\update_employee.java,Employee.update_employee,main/1[java.lang.String[]],false,191,1,1,0,1,1,0,3,0,0,1,0,0,0,0,0,0,0,1,0,0,0,0,0,0,0,4,9,0,false
C:\Users\jeffr\OneDrive\Desktop\Empolyee-Management-System-master\EMS\src\Employee\details_page.java,Employee.details_page,details_page/0,true,16,0,8,8,0,1,15,45,0,1,0,15,0,0,0,0,0,0,12,33,8,0,0,0,0,0,19,0,0,false
C:\Users\jeffr\OneDrive\Desktop\Empolyee-Management-System-master\EMS\src\Employee\details_page.java,Employee.details_page,actionPerformed/1[java.awt.event.ActionEvent],false,87,4,4,0,4,5,2,18,0,0,1,2,0,0,0,4,0,0,0,0,0,0,1,0,0,0,15,1,0,false
C:\Users\jeffr\OneDrive\Desktop\Empolyee-Management-System-master\EMS\src\Employee\details_page.java,Employee.details_page,main/1[java.lang.String[]],false,108,1,1,0,1,1,0,3,0,1,1,0,0,0,0,0,0,0,0,0,1,0,0,0,0,0,5,9,0,false
C:\Users\jeffr\OneDrive\Desktop\Empolyee-Management-System-master\EMS\src\Employee\print_data.java,Employee.print_data,print_data/1[java.lang.String],true,15,1,3,2,1,3,18,116,0,4,1,18,0,0,1,0,1,0,43,101,36,1,2,0,0,0,55,0,0,false
C:\Users\jeffr\OneDrive\Desktop\Empolyee-Management-System-master\EMS\src\Employee\print_data.java,Employee.print_data,main/1[java.lang.String[]],false,179,1,1,0,1,1,0,3,0,0,1,0,0,0,0,0,0,0,1,0,0,0,0,0,0,0,4,9,0,false
C:\Users\jeffr\OneDrive\Desktop\Empolyee-Management-System-master\EMS\src\Employee\print_data.java,Employee.print_data,actionPerformed/1[java.awt.event.ActionEvent],false,166,2,2,0,2,3,3,11,0,1,1,3,0,0,0,2,0,0,1,0,1,0,1,0,0,0,13,1,0,false
C:\Users\jeffr\OneDrive\Desktop\Empolyee-Management-System-master\EMS\src\Employee\login_page.java,Employee.login_page,main/1[java.lang.String[]],false,111,1,1,0,1,1,0,3,0,1,1,0,0,0,0,0,0,0,0,0,1,0,0,0,0,0,4,9,0,false
C:\Users\jeffr\OneDrive\Desktop\Empolyee-Management-System-master\EMS\src\Employee\login_page.java,Employee.login_page,actionPerformed/1[java.awt.event.ActionEvent],false,82,2,2,0,2,4,9,24,0,5,1,9,0,0,0,1,1,0,4,0,5,1,2,0,0,0,26,1,0,false
C:\Users\jeffr\OneDrive\Desktop\Empolyee-Management-System-master\EMS\src\Employee\login_page.java,Employee.login_page,login_page/0,true,17,0,2,2,0,1,17,42,0,4,0,17,0,0,0,0,0,0,8,36,11,0,0,0,0,0,25,0,0,false
C:\Users\jeffr\OneDrive\Desktop\Empolyee-Management-System-master\EMS\src\Employee\remove_employee.java,Employee.remove_employee,main/1[java.lang.String[]],false,179,1,1,0,1,1,0,3,0,0,1,0,0,0,0,0,0,0,0,0,0,0,0,0,0,0,4,9,0,false
C:\Users\jeffr\OneDrive\Desktop\Empolyee-Management-System-master\EMS\src\Employee\remove_employee.java,Employee.remove_employee,remove_employee/0,true,15,0,2,2,0,1,14,80,0,8,0,14,0,0,0,0,0,0,17,63,22,0,0,0,0,0,36,0,0,false
C:\Users\jeffr\OneDrive\Desktop\Empolyee-Management-System-master\EMS\src\Employee\remove_employee.java,Employee.remove_employee,actionPerformed/1[java.awt.event.ActionEvent],false,117,2,2,0,2,9,10,54,0,11,1,10,0,0,0,5,2,0,7,6,12,3,3,0,0,0,35,1,0,false
C:\Users\jeffr\OneDrive\Desktop\Empolyee-Management-System-master\EMS\src\Employee\view_employee.java,Employee.view_employee,main/1[java.lang.String[]],false,69,1,1,0,1,1,0,3,0,1,1,0,0,0,0,0,0,0,0,0,1,0,0,0,0,0,5,9,0,false
C:\Users\jeffr\OneDrive\Desktop\Empolyee-Management-System-master\EMS\src\Employee\view_employee.java,Employee.view_employee,view_employee/0,true,14,0,3,3,0,1,15,33,0,2,0,15,0,0,0,0,0,0,7,26,8,0,0,0,0,0,21,0,0,false
C:\Users\jeffr\OneDrive\Desktop\Empolyee-Management-System-master\EMS\src\Employee\view_employee.java,Employee.view_employee,actionPerformed/1[java.awt.event.ActionEvent],false,56,2,2,0,2,3,3,10,0,2,1,3,0,0,0,2,0,0,0,0,2,0,1,0,0,0,14,1,0,false
C:\Users\jeffr\OneDrive\Desktop\Empolyee-Management-System-master\EMS\src\Employee\welcome_page.java,Employee.welcome_page,actionPerformed/1[java.awt.event.ActionEvent],false,76,1,1,0,1,1,1,4,0,0,1,1,0,0,0,0,0,0,0,0,0,0,0,0,0,0,8,1,0,false
C:\Users\jeffr\OneDrive\Desktop\Empolyee-Management-System-master\EMS\src\Employee\welcome_page.java,Employee.welcome_page,welcome_page/0,true,14,0,1,1,0,4,21,45,0,7,0,21,0,0,1,0,2,0,5,25,8,0,2,0,0,0,31,0,0,false
C:\Users\jeffr\OneDrive\Desktop\Empolyee-Management-System-master\EMS\src\Employee\welcome_page.java,Employee.welcome_page,main/1[java.lang.String[]],false,82,1,1,0,1,1,0,3,0,1,1,0,0,0,0,0,0,0,0,0,1,0,0,0,0,0,5,9,0,false
